LOC_BLANK,BRANCH_COUNT,CALL_PAIRS,LOC_CODE_AND_COMMENT,LOC_COMMENTS,CONDITION_COUNT,CYCLOMATIC_COMPLEXITY,CYCLOMATIC_DENSITY,DECISION_COUNT,DECISION_DENSITY,DESIGN_COMPLEXITY,DESIGN_DENSITY,EDGE_COUNT,ESSENTIAL_COMPLEXITY,ESSENTIAL_DENSITY,LOC_EXECUTABLE,PARAMETER_COUNT,GLOBAL_DATA_COMPLEXITY,GLOBAL_DATA_DENSITY,HALSTEAD_CONTENT,HALSTEAD_DIFFICULTY,HALSTEAD_EFFORT,HALSTEAD_ERROR_EST,HALSTEAD_LENGTH,HALSTEAD_LEVEL,HALSTEAD_PROG_TIME,HALSTEAD_VOLUME,MAINTENANCE_SEVERITY,MODIFIED_CONDITION_COUNT,MULTIPLE_CONDITION_COUNT,NODE_COUNT,NORMALIZED_CYLOMATIC_COMPLEXITY,NUM_OPERANDS,NUM_OPERATORS,NUM_UNIQUE_OPERANDS,NUM_UNIQUE_OPERATORS,NUMBER_OF_LINES,PERCENT_COMMENTS,LOC_TOTAL,Defective
12,15,20,1,7,16,9,0.17,8,2.0,7,0.78,56,5,0.5,52,1,7,0.78,99.0,17.94,31877.94,0.59,287,0.06,1771.0,1776.48,0.56,4,8,49,0.12,102,185,54,19,73,13.33,53,Y
0,3,4,0,0,4,2,0.25,2,2.0,2,1.0,9,1,0.0,8,2,2,1.0,20.81,9.0,1685.67,0.06,42,0.11,93.65,187.3,0.5,1,2,9,0.22,15,27,10,12,9,0.0,8,N
3,5,3,0,1,6,3,0.27,2,3.0,2,0.67,13,3,1.0,11,1,1,0.33,29.72,13.6,5496.65,0.13,85,0.07,305.37,404.17,1.0,2,3,12,0.19,34,51,15,12,16,8.33,11,N
11,43,16,0,4,76,22,0.21,34,2.24,17,0.77,119,12,0.52,103,3,18,0.82,70.89,48.94,169799.06,1.16,557,0.02,9433.28,3469.45,0.55,21,38,99,0.18,208,349,51,24,119,3.74,103,N
9,11,13,0,9,8,8,0.1,4,2.0,5,0.63,43,1,0.0,79,2,7,0.88,123.35,19.27,45791.28,0.79,367,0.05,2543.96,2376.59,0.13,2,4,37,0.08,152,215,71,18,102,10.23,79,Y
0,3,6,0,0,4,2,0.13,2,2.0,2,1.0,12,1,0.0,16,2,2,1.0,27.13,15.06,6152.97,0.14,81,0.07,341.83,408.6,0.5,1,2,12,0.12,32,49,17,16,17,0.0,16,N
2,3,7,0,6,4,2,0.11,2,2.0,2,1.0,14,1,0.0,18,1,2,1.0,39.51,10.08,4016.74,0.13,82,0.1,223.15,398.35,0.5,1,2,14,0.07,33,49,18,11,27,25.0,18,N
3,5,7,1,2,8,3,0.18,4,2.0,1,0.33,18,1,0.0,16,0,3,1.0,44.98,14.69,9703.67,0.22,125,0.07,539.09,660.68,0.33,2,4,17,0.12,47,78,24,15,25,15.79,17,N
0,5,6,0,0,8,3,0.14,4,2.0,3,1.0,18,1,0.0,22,1,2,0.67,35.04,12.63,5590.85,0.15,87,0.08,310.6,442.61,0.33,2,4,17,0.13,32,55,19,15,23,0.0,22,N
7,7,8,0,0,4,5,0.14,2,2.0,4,0.8,30,1,0.0,36,0,4,0.8,55.99,19.75,21840.0,0.37,198,0.05,1213.33,1105.82,0.2,1,2,27,0.11,79,119,32,16,44,0.0,36,Y
2,3,6,1,0,4,2,0.18,2,2.0,2,1.0,11,1,0.0,10,1,2,1.0,25.4,13.71,4777.91,0.12,71,0.07,265.44,348.39,0.5,1,2,11,0.14,24,47,14,16,14,9.09,11,Y
7,12,16,1,0,16,7,0.19,8,2.0,6,0.86,47,1,0.0,35,0,6,0.86,67.77,18.76,23842.81,0.42,217,0.05,1324.6,1271.18,0.14,4,8,42,0.16,77,140,39,19,44,2.78,36,N
9,12,10,0,8,16,7,0.21,8,2.0,6,0.86,38,1,0.0,34,1,5,0.71,54.94,20.4,22864.72,0.37,193,0.05,1270.26,1120.82,0.14,4,8,33,0.13,68,125,35,21,53,19.05,34,N
0,7,5,0,0,10,4,0.29,4,2.5,2,0.5,19,3,0.67,14,1,2,0.5,31.35,9.97,3114.36,0.1,65,0.1,173.02,312.48,0.75,3,5,17,0.27,23,42,15,13,15,0.0,14,N
9,12,10,0,2,14,7,0.23,6,2.33,7,1.0,40,6,0.83,30,0,6,0.86,52.03,24.0,29970.57,0.42,216,0.04,1665.03,1248.77,0.86,4,7,35,0.17,84,132,35,20,42,6.25,30,N
4,8,9,0,3,8,5,0.19,4,2.0,2,0.4,28,1,0.0,27,0,4,0.8,63.88,14.57,13563.07,0.31,161,0.07,753.5,930.8,0.2,2,4,25,0.14,51,110,35,20,36,10.0,27,Y
4,9,5,0,1,14,5,0.31,6,2.33,4,0.8,26,3,0.5,16,0,5,1.0,22.8,17.0,6589.95,0.13,79,0.06,366.11,387.64,0.6,4,7,23,0.22,26,53,13,17,23,5.88,16,N
2,13,7,0,0,12,8,0.22,6,2.0,6,0.75,41,3,0.29,36,1,7,0.88,46.09,20.67,19687.59,0.32,179,0.05,1093.75,952.63,0.38,3,6,35,0.2,62,117,24,16,40,0.0,36,N
0,3,4,0,0,4,2,0.15,2,2.0,2,1.0,10,1,0.0,13,2,2,1.0,25.59,14.0,5014.84,0.12,73,0.07,278.6,358.2,0.5,1,2,10,0.13,28,45,15,15,15,0.0,13,N
10,23,14,0,13,34,13,0.25,16,2.13,12,0.92,74,1,0.0,52,1,11,0.85,64.37,33.13,70666.9,0.71,348,0.03,3925.94,2132.99,0.08,9,17,63,0.17,127,221,46,24,77,20.0,52,N
1,3,3,0,0,4,2,0.25,2,2.0,2,1.0,8,1,0.0,8,1,2,1.0,15.23,10.5,1679.07,0.05,37,0.1,93.28,159.91,0.5,1,2,8,0.2,14,23,8,12,10,0.0,8,N
0,7,6,0,0,12,4,0.21,6,2.0,3,0.75,22,1,0.0,19,2,1,0.25,28.87,14.62,6175.54,0.14,83,0.07,343.09,422.26,0.25,3,6,20,0.19,26,57,16,18,21,0.0,19,N
19,27,27,0,1,52,14,0.13,26,2.0,10,0.71,149,1,0.0,106,0,10,0.71,125.82,44.77,252155.78,1.88,829,0.02,14008.65,5632.57,0.07,13,26,137,0.11,308,521,86,25,127,0.93,106,Y
1,3,4,0,0,4,2,0.22,2,2.0,2,1.0,9,1,0.0,9,1,2,1.0,17.15,13.0,2898.63,0.07,50,0.08,161.04,222.97,0.5,1,2,9,0.18,18,32,9,13,11,0.0,9,N
0,3,10,0,0,4,2,0.11,2,2.0,2,1.0,26,1,0.0,19,0,2,1.0,48.56,17.22,14395.0,0.28,163,0.06,799.72,836.07,0.5,1,2,26,0.1,66,97,23,12,20,0.0,19,N
12,14,22,0,1,10,9,0.14,4,2.5,7,0.78,68,4,0.38,66,0,6,0.67,116.42,23.48,64177.21,0.91,418,0.04,3565.4,2733.37,0.44,3,5,61,0.11,161,257,72,21,81,1.49,66,N
1,3,5,0,1,4,2,0.22,2,2.0,2,1.0,12,1,0.0,9,1,2,1.0,25.29,11.85,3548.61,0.1,63,0.08,197.14,299.56,0.5,1,2,12,0.17,22,41,13,14,12,10.0,9,N
1,13,10,0,0,24,7,0.32,12,2.0,7,1.0,40,1,0.0,22,3,7,1.0,54.54,15.58,13243.53,0.28,153,0.06,735.75,849.85,0.14,6,12,35,0.28,55,98,30,17,25,0.0,22,N
13,12,14,0,4,4,8,0.15,2,2.0,8,1.0,46,1,0.0,54,0,8,1.0,90.48,17.04,26283.38,0.51,259,0.06,1460.19,1542.14,0.13,1,2,40,0.11,98,161,46,16,73,6.9,54,N
1,5,5,0,0,8,3,0.33,4,2.0,3,1.0,16,3,1.0,9,1,3,1.0,27.86,8.67,2092.83,0.08,52,0.12,116.27,241.48,1.0,2,4,15,0.27,16,36,12,13,11,0.0,9,N
0,5,5,0,3,8,3,0.19,4,2.0,3,1.0,15,1,0.0,16,2,3,1.0,25.63,16.0,6560.0,0.14,82,0.06,364.44,410.0,0.33,2,4,14,0.14,32,50,16,16,21,15.79,16,N
0,5,8,1,1,6,3,0.18,2,3.0,3,1.0,19,3,1.0,16,1,3,1.0,27.98,18.0,9065.86,0.17,99,0.06,503.66,503.66,1.0,2,3,18,0.16,32,67,16,18,19,11.11,17,Y
2,9,12,0,4,8,6,0.18,4,2.0,6,1.0,34,3,0.4,33,1,4,0.67,64.58,19.75,25188.5,0.43,211,0.05,1399.36,1275.37,0.5,2,4,30,0.15,79,132,44,22,40,10.81,33,N
0,6,3,0,0,4,4,0.31,2,2.0,3,0.75,14,1,0.0,13,0,2,0.5,21.05,11.25,2664.41,0.08,51,0.09,148.02,236.84,0.25,1,2,12,0.29,15,36,10,15,14,0.0,13,N
6,18,17,0,1,28,10,0.15,14,2.0,9,0.9,68,1,0.0,67,0,7,0.7,65.16,27.99,51033.62,0.61,314,0.04,2835.2,1823.51,0.1,7,14,60,0.13,109,205,37,19,75,1.47,67,N
0,3,3,0,0,4,2,0.5,2,2.0,2,1.0,9,1,0.0,4,2,2,1.0,18.99,5.14,502.31,0.03,25,0.19,27.91,97.67,0.5,1,2,9,0.33,9,16,7,8,6,0.0,4,N
0,3,8,0,0,4,2,0.18,2,2.0,2,1.0,16,1,0.0,11,0,2,1.0,36.54,9.29,3150.52,0.11,74,0.11,175.03,339.29,0.5,1,2,16,0.17,26,48,14,10,12,0.0,11,N
5,5,10,1,1,8,3,0.23,4,2.0,3,1.0,21,1,0.0,12,1,3,1.0,46.32,10.21,4832.73,0.16,93,0.1,268.48,473.13,0.33,2,4,20,0.14,33,60,21,13,21,14.29,13,Y
12,11,13,0,0,8,7,0.13,4,2.0,5,0.71,42,4,0.5,54,2,4,0.57,88.12,18.17,29080.61,0.53,271,0.06,1615.59,1600.77,0.57,2,4,37,0.1,109,162,45,15,67,0.0,54,N
4,17,5,0,0,24,9,0.45,8,3.0,9,1.0,50,9,1.0,20,1,9,1.0,46.86,14.55,9917.4,0.23,134,0.07,550.97,681.72,1.0,8,12,43,0.35,47,87,21,13,26,0.0,20,Y
5,3,6,0,1,4,2,0.12,2,2.0,2,1.0,17,1,0.0,17,1,1,0.5,50.08,14.0,9816.39,0.23,139,0.07,545.36,701.17,0.5,1,2,17,0.08,56,83,22,11,24,5.56,17,N
5,11,11,0,5,20,6,0.21,10,2.0,6,1.0,38,1,0.0,28,1,4,0.67,44.43,18.41,15056.5,0.27,157,0.05,836.47,817.88,0.17,5,10,34,0.15,54,103,22,15,39,15.15,28,N
4,10,9,0,1,12,6,0.22,6,2.0,6,1.0,37,4,0.6,27,0,5,0.83,61.09,13.24,10710.87,0.27,152,0.08,595.05,808.93,0.67,3,6,33,0.18,55,97,27,13,33,3.57,27,N
22,43,20,3,11,38,26,0.2,18,2.11,18,0.69,132,15,0.56,128,0,19,0.73,109.63,42.03,193686.35,1.54,666,0.02,10760.35,4607.96,0.58,10,19,108,0.16,255,411,91,30,166,9.86,131,N
0,3,2,0,1,4,2,0.22,2,2.0,2,1.0,9,1,0.0,9,2,2,1.0,18.62,14.88,4118.96,0.09,57,0.07,228.83,276.9,0.5,1,2,9,0.17,21,36,12,17,12,10.0,9,Y
10,11,19,0,3,20,6,0.17,10,2.0,6,1.0,48,1,0.0,36,0,4,0.67,115.58,11.75,15944.27,0.45,223,0.09,885.79,1357.5,0.17,5,10,44,0.12,83,140,53,15,50,7.69,36,N
5,6,6,1,0,4,4,0.18,2,2.0,3,0.75,19,1,0.0,21,0,3,0.75,32.17,13.68,6017.65,0.15,88,0.07,334.31,440.0,0.25,1,2,17,0.14,31,57,17,15,28,4.55,22,Y
0,6,4,0,0,4,4,0.25,2,2.0,3,0.75,15,1,0.0,16,0,2,0.5,24.11,11.64,3264.45,0.09,59,0.09,181.36,280.54,0.25,1,2,13,0.24,16,43,11,16,17,0.0,16,N
0,3,2,0,0,4,2,0.25,2,2.0,2,1.0,8,1,0.0,8,2,2,1.0,16.2,8.75,1240.55,0.05,34,0.11,68.92,141.78,0.5,1,2,8,0.2,14,20,8,10,10,0.0,8,N
0,5,3,0,0,8,3,0.17,4,2.0,2,0.67,13,3,1.0,18,1,2,0.67,24.12,18.56,8310.37,0.15,88,0.05,461.69,447.7,1.0,2,4,12,0.16,33,55,16,18,19,0.0,18,N
0,3,5,0,0,4,2,0.22,2,2.0,2,1.0,12,1,0.0,9,0,1,0.5,20.53,8.13,1355.23,0.06,40,0.12,75.29,166.8,0.5,1,2,12,0.2,13,27,8,10,10,0.0,9,N
5,21,14,0,3,38,11,0.27,18,2.11,10,0.91,66,1,0.0,41,1,11,1.0,58.14,23.94,33320.87,0.46,243,0.04,1851.16,1391.88,0.09,10,19,57,0.22,79,164,33,20,50,6.82,41,N
3,11,7,0,0,18,6,0.29,8,2.25,4,0.67,28,4,0.6,21,2,4,0.67,37.67,18.75,13244.88,0.24,131,0.05,735.83,706.39,0.67,5,9,24,0.24,50,81,24,18,25,0.0,21,N
0,3,4,0,0,4,2,0.25,2,2.0,2,1.0,9,1,0.0,8,0,2,1.0,28.73,7.92,1800.5,0.08,51,0.13,100.03,227.43,0.5,1,2,9,0.22,19,32,12,10,9,0.0,8,N
12,15,20,0,16,16,9,0.15,8,2.0,9,1.0,61,1,0.0,61,0,9,1.0,90.69,22.53,46024.85,0.68,327,0.04,2556.94,2043.07,0.11,4,8,54,0.1,118,209,55,21,91,20.78,61,N
7,6,14,0,0,4,4,0.17,2,2.0,4,1.0,26,1,0.0,23,2,4,1.0,68.58,11.02,8321.46,0.25,136,0.09,462.3,755.42,0.25,1,2,24,0.13,47,89,32,15,32,0.0,23,Y
5,11,9,0,11,12,7,0.16,6,2.0,5,0.71,40,1,0.0,44,3,6,0.86,42.06,32.72,45051.12,0.46,236,0.03,2502.84,1376.56,0.14,3,6,35,0.11,90,146,33,24,62,20.0,44,N
19,24,17,2,12,16,15,0.17,8,2.0,9,0.6,83,1,0.0,86,0,11,0.73,92.86,35.1,114410.43,1.09,495,0.03,6356.14,3259.56,0.07,4,8,70,0.12,189,306,70,26,122,14.0,88,Y
1,7,1,0,0,12,4,0.31,6,2.0,4,1.0,16,1,0.0,13,0,4,1.0,16.11,13.71,3029.38,0.07,52,0.07,168.3,220.89,0.25,3,6,14,0.27,16,36,7,12,15,0.0,13,N
2,3,2,0,0,4,2,0.22,2,2.0,2,1.0,7,1,0.0,9,0,2,1.0,15.96,9.75,1517.0,0.05,36,0.1,84.28,155.59,0.5,1,2,7,0.17,13,23,8,12,12,0.0,9,N
7,27,9,1,4,46,14,0.33,20,2.3,12,0.86,64,6,0.38,42,0,11,0.79,35.69,27.62,27226.57,0.33,184,0.04,1512.59,985.79,0.43,13,23,52,0.25,58,126,21,20,57,10.64,43,Y
10,12,20,0,5,16,7,0.15,8,2.0,7,1.0,53,3,0.33,47,0,6,0.86,100.52,18.02,32631.05,0.6,289,0.06,1812.84,1811.1,0.43,4,8,48,0.11,110,179,58,19,63,9.62,47,N
3,9,7,0,0,16,5,0.33,8,2.0,5,1.0,27,1,0.0,15,3,5,1.0,42.6,12.5,6656.28,0.18,103,0.08,369.79,532.5,0.2,4,8,24,0.26,35,68,21,15,19,0.0,15,N
10,13,17,2,6,12,8,0.19,6,2.0,6,0.75,47,5,0.57,41,1,6,0.75,99.17,12.98,16702.0,0.43,217,0.08,927.89,1286.97,0.63,3,6,41,0.13,73,144,45,16,60,16.32,43,Y
21,41,28,0,11,64,22,0.2,30,2.13,19,0.86,151,8,0.33,111,1,16,0.73,141.86,34.57,169489.04,1.63,715,0.03,9416.06,4903.46,0.36,17,32,131,0.15,265,450,92,24,144,9.02,111,Y
1,5,4,0,0,8,3,0.27,4,2.0,3,1.0,13,1,0.0,11,1,3,1.0,23.27,11.38,3010.96,0.09,57,0.09,167.28,264.7,0.33,2,4,12,0.23,21,36,12,13,13,0.0,11,N
2,11,10,0,1,12,7,0.2,6,2.0,6,0.86,38,1,0.0,35,0,5,0.71,55.65,17.14,16352.99,0.32,165,0.06,908.5,953.92,0.14,3,6,33,0.18,60,105,35,20,39,2.78,35,N
9,34,28,1,27,56,18,0.22,26,2.15,15,0.83,116,10,0.53,81,3,16,0.89,93.63,43.69,178710.34,1.36,608,0.02,9928.35,4090.58,0.56,15,28,100,0.15,232,376,77,29,121,25.69,82,N
2,3,4,0,0,4,2,0.22,2,2.0,1,0.5,13,1,0.0,9,3,1,0.5,42.03,6.19,1609.1,0.09,56,0.16,89.39,260.06,0.5,1,2,13,0.17,22,34,16,9,12,0.0,9,N
4,11,6,0,15,18,6,0.24,8,2.25,4,0.67,27,1,0.0,25,2,6,1.0,24.1,24.7,14702.26,0.2,117,0.04,816.79,595.23,0.17,5,9,23,0.13,39,78,15,19,45,37.5,25,N
5,11,9,0,14,14,6,0.33,4,3.5,6,1.0,28,5,0.8,18,1,5,0.83,42.78,14.62,9144.94,0.21,116,0.07,508.05,625.51,0.83,5,8,24,0.15,43,73,25,17,39,43.75,18,N
0,3,4,0,0,4,2,0.25,2,2.0,2,1.0,9,1,0.0,8,0,2,1.0,20.33,9.78,1943.91,0.07,46,0.1,107.99,198.81,0.5,1,2,9,0.22,16,30,9,11,9,0.0,8,N
0,5,4,0,0,8,3,0.21,4,2.0,3,1.0,15,3,1.0,14,1,1,0.33,26.73,9.21,2266.4,0.08,53,0.11,125.91,246.12,1.0,2,4,14,0.2,17,36,12,13,15,0.0,14,N
3,3,5,0,5,4,2,0.29,2,2.0,2,1.0,11,1,0.0,7,0,2,1.0,20.1,11.7,2752.14,0.08,52,0.09,152.9,235.23,0.5,1,2,11,0.13,18,34,10,13,16,41.67,7,N
0,3,6,0,0,4,2,0.18,2,2.0,2,1.0,14,1,0.0,11,0,1,0.5,35.16,8.21,2372.72,0.1,63,0.12,131.82,288.85,0.5,1,2,14,0.17,23,40,14,10,12,0.0,11,N
0,3,3,0,0,6,2,0.5,2,3.0,2,1.0,11,1,0.0,4,1,2,1.0,14.83,7.0,726.48,0.03,30,0.14,40.36,103.78,0.5,2,3,11,0.4,8,22,4,7,5,0.0,4,N
10,22,17,0,3,30,12,0.27,12,2.5,10,0.83,69,7,0.55,45,1,8,0.67,69.77,26.35,48459.37,0.61,299,0.04,2692.19,1838.77,0.58,9,15,59,0.2,110,189,48,23,59,6.25,45,Y
10,14,15,0,3,18,8,0.16,8,2.25,8,1.0,49,5,0.57,50,0,4,0.5,75.66,19.93,30048.37,0.5,246,0.05,1669.35,1507.8,0.63,5,9,43,0.13,93,153,49,21,64,5.66,50,N
3,11,6,0,0,20,6,0.24,10,2.0,6,1.0,35,1,0.0,25,1,6,1.0,30.2,25.0,18875.0,0.25,151,0.04,1048.61,755.0,0.17,5,10,31,0.21,50,101,16,16,29,0.0,25,N
8,22,35,0,0,16,15,0.14,8,2.0,14,0.93,109,5,0.29,107,0,15,1.0,189.82,24.81,116852.98,1.57,675,0.04,6491.83,4709.66,0.33,4,8,96,0.13,263,412,106,20,118,0.0,107,Y
4,9,5,0,0,16,5,0.25,8,2.0,5,1.0,34,4,0.75,20,1,5,1.0,41.69,12.35,6361.1,0.17,106,0.08,353.39,514.95,0.8,4,8,31,0.19,35,71,17,12,26,0.0,20,N
2,8,6,0,0,8,5,0.2,4,2.0,4,0.8,29,1,0.0,25,1,4,0.8,42.86,17.68,13404.49,0.25,153,0.06,744.69,757.99,0.2,2,4,26,0.18,56,97,19,12,28,0.0,25,N
0,3,6,0,0,4,2,0.18,2,2.0,2,1.0,13,1,0.0,11,0,1,0.5,34.43,7.86,2125.46,0.09,59,0.13,118.08,270.51,0.5,1,2,13,0.17,22,37,14,10,12,0.0,11,N
0,5,4,0,0,8,3,0.33,4,2.0,3,1.0,16,1,0.0,9,1,1,0.33,32.94,6.95,1593.02,0.08,53,0.14,88.5,229.06,0.33,2,4,15,0.3,17,36,11,9,10,0.0,9,N
0,17,1,0,0,32,9,0.45,16,2.0,8,0.89,48,1,0.0,20,1,9,1.0,35.13,15.23,8150.47,0.18,120,0.07,452.8,535.13,0.11,8,16,41,0.43,44,76,13,9,21,0.0,20,N
4,5,5,0,0,8,3,0.2,4,2.0,3,1.0,18,1,0.0,15,2,2,0.67,31.14,17.14,9151.3,0.18,101,0.06,508.41,533.83,0.33,2,4,17,0.15,40,61,21,18,20,0.0,15,N
11,40,18,9,12,58,22,0.19,28,2.07,19,0.86,138,15,0.67,105,0,19,0.86,75.75,43.23,141550.33,1.09,529,0.02,7863.91,3274.42,0.68,15,29,118,0.16,166,363,48,25,140,16.67,114,Y
28,59,46,1,38,42,36,0.15,20,2.1,34,0.94,233,20,0.54,241,0,33,0.92,238.08,40.75,395438.84,3.23,1287,0.02,21968.82,9702.9,0.56,11,21,199,0.12,480,807,159,27,310,13.93,242,N
2,3,5,0,1,4,2,0.25,2,2.0,2,1.0,10,1,0.0,8,1,2,1.0,26.84,8.18,1796.86,0.07,50,0.12,99.83,219.62,0.5,1,2,10,0.17,18,32,11,10,12,11.11,8,N
7,7,22,0,0,4,5,0.09,2,2.0,5,1.0,52,1,0.0,57,0,5,1.0,139.4,16.46,37755.59,0.76,357,0.06,2097.53,2294.18,0.2,1,2,49,0.08,144,213,70,16,65,0.0,57,Y
5,11,11,0,2,20,6,0.27,10,2.0,5,0.83,36,1,0.0,22,2,5,0.83,35.31,19.55,13490.6,0.23,128,0.05,749.48,690.22,0.17,5,10,32,0.19,43,85,22,20,31,8.33,22,N
1,6,6,0,0,4,4,0.21,2,2.0,3,0.75,18,3,0.67,19,0,3,0.75,29.26,13.5,5332.5,0.13,79,0.07,296.25,395.0,0.75,1,2,16,0.18,27,52,16,16,22,0.0,19,N
9,7,10,0,4,12,4,0.11,6,2.0,4,1.0,32,4,1.0,37,0,4,1.0,69.01,16.93,19777.28,0.39,207,0.06,1098.74,1168.28,1.0,3,6,30,0.08,79,128,35,15,51,9.76,37,N
24,45,36,1,8,58,25,0.21,24,2.42,23,0.92,150,8,0.29,117,0,23,0.92,142.73,32.85,154013.92,1.56,680,0.03,8556.33,4688.48,0.32,17,29,127,0.17,235,445,93,26,151,7.14,118,N
0,8,6,0,1,8,5,0.28,4,2.0,3,0.6,22,3,0.5,18,1,3,0.6,33.38,14.25,6778.53,0.16,90,0.07,376.58,475.69,0.6,2,4,19,0.25,30,60,20,19,20,5.26,18,N
5,8,8,0,2,8,5,0.22,4,2.0,5,1.0,28,1,0.0,23,0,5,1.0,55.49,8.48,3988.71,0.16,91,0.12,221.59,470.46,0.2,2,4,25,0.16,30,61,23,13,31,8.0,23,Y
2,6,4,0,0,4,4,0.25,2,2.0,3,0.75,16,1,0.0,16,0,2,0.5,25.41,14.0,4980.42,0.12,74,0.07,276.69,355.74,0.25,1,2,14,0.21,28,46,14,14,19,0.0,16,Y
1,5,9,0,0,8,3,0.2,4,2.0,3,1.0,19,1,0.0,15,2,3,1.0,43.46,11.14,5396.06,0.16,96,0.09,299.78,484.26,0.33,2,4,18,0.17,39,57,21,12,18,0.0,15,Y
2,10,9,0,0,12,6,0.18,6,2.0,5,0.83,30,3,0.4,33,0,4,0.67,45.02,14.88,9961.7,0.22,125,0.07,553.43,669.69,0.5,3,6,26,0.16,42,83,24,17,37,0.0,33,N
0,3,3,0,0,6,2,0.5,2,3.0,2,1.0,9,1,0.0,4,1,2,1.0,19.99,5.33,568.57,0.04,28,0.19,31.59,106.61,0.5,2,3,9,0.4,8,20,6,8,5,0.0,4,N
5,23,9,0,0,34,12,0.43,12,2.83,10,0.83,57,7,0.55,28,3,11,0.92,47.44,22.67,24374.21,0.36,186,0.04,1354.12,1075.33,0.58,11,17,47,0.34,68,118,33,22,35,0.0,28,N
1,3,5,0,1,4,2,0.22,2,2.0,2,1.0,12,1,0.0,9,0,2,1.0,25.29,11.85,3548.61,0.1,63,0.08,197.14,299.56,0.5,1,2,12,0.17,22,41,13,14,12,10.0,9,N
1,3,3,0,0,4,2,0.25,2,2.0,2,1.0,9,1,0.0,8,1,1,0.5,18.67,7.71,1110.86,0.05,36,0.13,61.71,144.0,0.5,1,2,9,0.2,12,24,7,9,10,0.0,8,N
0,3,2,0,0,4,2,0.22,2,2.0,2,1.0,9,1,0.0,9,2,2,1.0,18.62,14.88,4118.96,0.09,57,0.07,228.83,276.9,0.5,1,2,9,0.18,21,36,12,17,11,0.0,9,N
1,7,4,0,0,8,4,0.5,2,4.0,3,0.75,14,1,0.0,8,2,4,1.0,15.19,14.0,2976.5,0.07,47,0.07,165.36,212.61,0.25,3,4,12,0.4,18,29,9,14,10,0.0,8,N
18,13,19,0,10,24,7,0.12,12,2.0,7,1.0,73,1,0.0,57,1,7,1.0,88.41,27.8,68305.52,0.82,397,0.04,3794.75,2457.36,0.14,6,12,68,0.08,158,239,54,19,86,14.93,57,N
3,15,9,1,4,4,10,0.23,2,2.0,8,0.8,45,1,0.0,42,0,7,0.7,58.91,16.11,15290.22,0.32,176,0.06,849.46,949.05,0.1,1,2,37,0.19,58,118,27,15,52,10.64,43,N
5,11,6,0,0,18,6,0.26,8,2.25,4,0.67,27,1,0.0,23,2,6,1.0,22.86,24.7,13948.3,0.19,111,0.04,774.91,564.71,0.17,5,9,23,0.21,39,72,15,19,29,0.0,23,N
0,7,2,0,0,4,5,0.22,2,2.0,4,0.8,19,3,0.5,23,0,4,0.8,29.4,14.39,6090.84,0.14,89,0.07,338.38,423.18,0.6,1,2,16,0.21,31,58,14,13,24,0.0,23,N
0,7,6,0,0,10,4,0.29,4,2.5,2,0.5,20,3,0.67,14,1,2,0.5,34.38,9.75,3268.21,0.11,69,0.1,181.57,335.2,0.75,3,5,18,0.27,24,45,16,13,15,0.0,14,N
0,3,7,0,0,4,2,0.17,2,2.0,2,1.0,16,1,0.0,12,0,2,1.0,31.49,14.0,6172.93,0.15,89,0.07,342.94,440.92,0.5,1,2,16,0.15,34,55,17,14,13,0.0,12,N
5,11,8,0,1,18,6,0.3,8,2.25,6,1.0,41,5,0.8,20,2,6,1.0,46.13,20.69,19748.29,0.32,170,0.05,1097.13,954.5,0.83,5,9,37,0.21,60,110,29,20,28,4.76,20,N
2,3,2,0,0,6,2,0.33,2,3.0,2,1.0,7,1,0.0,6,0,2,1.0,17.23,8.67,1294.27,0.05,34,0.12,71.9,149.34,0.5,2,3,7,0.22,13,21,9,12,9,0.0,6,N
2,7,7,0,0,12,4,0.18,6,2.0,4,1.0,23,3,0.67,22,1,3,0.75,28.83,15.47,6896.24,0.15,90,0.06,383.12,445.88,0.75,3,6,21,0.16,29,61,15,16,25,0.0,22,N
2,7,6,0,5,12,4,0.33,6,2.0,4,1.0,19,1,0.0,12,1,3,0.75,28.84,11.5,3814.64,0.11,69,0.09,211.92,331.71,0.25,3,6,17,0.19,23,46,14,14,21,29.41,12,Y
5,19,24,0,0,24,11,0.15,12,2.0,11,1.0,81,7,0.6,71,0,10,0.91,122.92,19.86,48468.15,0.81,385,0.05,2692.68,2440.84,0.64,6,12,72,0.14,139,246,63,18,78,0.0,71,N
1,3,5,0,0,4,2,0.33,2,2.0,2,1.0,13,1,0.0,6,2,2,1.0,25.23,6.5,1066.0,0.05,41,0.15,59.22,164.0,0.5,1,2,13,0.22,13,28,8,8,9,0.0,6,Y
7,9,20,1,0,16,5,0.1,8,2.0,5,1.0,49,3,0.5,47,0,4,0.8,90.12,19.38,33861.93,0.58,285,0.05,1881.22,1746.85,0.6,4,8,46,0.09,112,173,52,18,56,2.08,48,Y
15,27,17,4,6,38,15,0.21,18,2.11,15,1.0,83,7,0.43,66,1,14,0.93,73.44,25.26,46844.09,0.62,314,0.04,2602.45,1854.76,0.47,10,19,70,0.16,109,205,41,19,94,13.16,70,Y
9,23,13,0,2,20,14,0.18,10,2.0,13,0.93,80,1,0.0,79,0,12,0.86,115.54,19.78,45226.86,0.76,367,0.05,2512.6,2285.98,0.07,5,10,68,0.15,135,232,58,17,91,2.47,79,Y
0,3,5,0,5,4,2,0.11,2,2.0,2,1.0,12,1,0.0,18,1,2,1.0,24.85,16.5,6765.0,0.14,82,0.06,375.83,410.0,0.5,1,2,12,0.08,33,49,16,16,24,21.74,18,N
0,5,2,0,0,6,3,0.3,2,3.0,2,0.67,12,3,1.0,10,3,3,1.0,19.09,17.86,6086.79,0.11,67,0.06,338.15,340.86,1.0,2,3,11,0.25,25,42,14,20,12,0.0,10,N
1,3,2,0,0,4,2,0.33,2,2.0,2,1.0,8,1,0.0,6,1,2,1.0,15.86,7.2,822.39,0.04,30,0.14,45.69,114.22,0.5,1,2,8,0.25,8,22,5,9,8,0.0,6,N
3,3,5,0,5,4,2,0.29,2,2.0,2,1.0,11,1,0.0,7,0,2,1.0,17.22,13.72,3243.25,0.08,53,0.07,180.18,236.35,0.5,1,2,11,0.13,19,34,9,13,16,41.67,7,N
0,5,4,0,0,8,3,0.18,4,2.0,3,1.0,15,3,1.0,17,1,2,0.67,24.56,12.25,3685.14,0.1,64,0.08,204.73,300.83,1.0,2,4,14,0.17,21,43,12,14,18,0.0,17,N
0,3,3,0,0,4,2,0.5,2,2.0,2,1.0,9,1,0.0,4,2,2,1.0,16.32,4.67,355.35,0.03,20,0.21,19.74,76.15,0.5,1,2,9,0.4,7,13,6,8,5,0.0,4,N
4,5,11,0,0,8,3,0.16,4,2.0,3,1.0,30,1,0.0,19,2,3,1.0,58.1,12.43,8983.13,0.24,142,0.08,499.06,722.42,0.33,2,4,29,0.13,52,90,23,11,24,0.0,19,N
1,5,3,0,0,8,3,0.25,4,2.0,3,1.0,13,1,0.0,12,1,3,1.0,26.16,9.23,2229.05,0.08,52,0.11,123.84,241.48,0.33,2,4,12,0.21,20,32,13,12,14,0.0,12,N
1,3,5,0,1,4,2,0.22,2,2.0,2,1.0,12,1,0.0,9,3,2,1.0,29.06,11.2,3645.43,0.11,67,0.09,202.52,325.48,0.5,1,2,12,0.17,24,43,15,14,12,10.0,9,N
3,5,4,0,0,8,3,0.23,4,2.0,3,1.0,17,1,0.0,13,2,2,0.67,23.77,15.54,5735.89,0.12,76,0.06,318.66,369.21,0.33,2,4,16,0.18,29,47,14,15,17,0.0,13,N
0,5,2,0,1,6,3,0.3,2,3.0,2,0.67,12,3,1.0,10,3,3,1.0,19.09,17.86,6086.79,0.11,67,0.06,338.15,340.86,1.0,2,3,11,0.23,25,42,14,20,13,9.09,10,Y
6,6,7,0,1,4,4,0.19,2,2.0,4,1.0,21,1,0.0,21,0,4,1.0,46.32,15.11,10577.6,0.23,129,0.07,587.64,699.99,0.25,1,2,19,0.14,51,78,27,16,29,4.55,21,N
1,3,4,0,0,4,2,0.22,2,2.0,2,1.0,9,1,0.0,9,1,2,1.0,16.47,13.0,2782.69,0.07,48,0.08,154.59,214.05,0.5,1,2,9,0.18,18,30,9,13,11,0.0,9,N
1,9,6,0,1,4,6,0.21,2,2.0,4,0.67,26,1,0.0,28,0,4,0.67,52.27,12.46,8112.64,0.22,125,0.08,450.7,651.18,0.17,1,2,22,0.19,46,79,24,13,32,3.45,28,N
3,5,9,0,0,8,3,0.14,4,2.0,3,1.0,22,1,0.0,21,2,3,1.0,45.77,15.0,10297.93,0.23,129,0.07,572.11,686.53,0.33,2,4,21,0.12,50,79,25,15,25,0.0,21,N
3,7,9,0,2,12,4,0.24,6,2.0,4,1.0,24,1,0.0,17,2,3,0.75,33.69,16.2,8841.71,0.18,104,0.06,491.21,545.78,0.25,3,6,22,0.16,36,68,20,18,25,10.53,17,N
1,5,5,0,3,8,3,0.27,4,2.0,3,1.0,14,1,0.0,11,0,2,0.67,28.48,9.5,2569.87,0.09,59,0.11,142.77,270.51,0.33,2,4,13,0.18,19,40,12,12,17,21.43,11,Y
2,6,4,0,0,4,4,0.31,2,2.0,3,0.75,15,3,0.67,13,1,3,0.75,28.67,7.0,1404.72,0.07,45,0.14,78.04,200.67,0.75,1,2,13,0.24,14,31,11,11,17,0.0,13,N
7,17,21,0,2,20,10,0.14,10,2.0,10,1.0,75,7,0.67,73,0,9,0.9,118.08,20.61,50170.62,0.81,385,0.05,2787.26,2433.94,0.7,5,10,67,0.12,142,243,62,18,84,2.67,73,N
7,12,7,0,3,4,8,0.17,2,2.0,6,0.75,44,1,0.0,48,0,6,0.75,63.66,24.16,37151.02,0.51,266,0.04,2063.94,1537.84,0.13,1,2,38,0.13,108,158,38,17,60,5.88,48,N
9,3,9,0,4,4,2,0.1,2,2.0,2,1.0,22,1,0.0,21,0,1,0.5,71.77,11.08,8806.58,0.27,155,0.09,489.25,795.04,0.5,1,2,22,0.06,64,91,26,9,35,16.0,21,N
0,5,4,0,0,8,3,0.3,4,2.0,2,0.67,15,1,0.0,10,1,1,0.33,23.36,8.4,1648.21,0.07,44,0.12,91.57,196.21,0.33,2,4,14,0.25,14,30,10,12,12,0.0,10,N
6,13,10,0,4,22,7,0.3,10,2.2,7,1.0,52,3,0.33,23,2,7,1.0,50.81,21.22,22872.08,0.36,192,0.05,1270.67,1078.02,0.43,6,11,47,0.2,67,125,30,19,35,14.81,23,N
15,19,14,1,8,34,10,0.15,16,2.13,9,0.9,70,4,0.33,64,2,7,0.7,59.77,42.39,107406.67,0.84,412,0.02,5967.04,2533.7,0.4,9,17,62,0.11,156,256,46,25,89,12.33,65,N
1,6,6,0,0,4,4,0.2,2,2.0,3,0.75,21,1,0.0,20,0,3,0.75,36.92,14.61,7876.2,0.18,106,0.07,437.57,539.27,0.25,1,2,19,0.17,37,69,19,15,23,0.0,20,N
19,18,23,0,1,16,11,0.13,8,2.0,9,0.82,79,7,0.6,88,2,8,0.73,151.9,21.7,71508.8,1.1,504,0.05,3972.71,3295.74,0.64,4,8,70,0.1,194,310,76,17,109,1.12,88,N
18,30,12,2,7,42,17,0.19,20,2.1,14,0.82,96,8,0.44,88,1,13,0.76,66.14,38.06,95809.13,0.84,418,0.03,5322.73,2517.35,0.47,11,21,81,0.15,139,279,42,23,117,9.28,90,Y
1,8,5,0,1,8,5,0.24,4,2.0,4,0.8,22,3,0.5,21,1,4,0.8,28.45,10.64,3218.64,0.1,66,0.09,178.81,302.61,0.6,2,4,19,0.21,18,48,11,13,24,4.55,21,N
7,12,8,0,2,4,8,0.16,2,2.0,6,0.75,45,1,0.0,51,0,6,0.75,67.6,24.64,41048.67,0.56,282,0.04,2280.48,1665.74,0.13,1,2,39,0.13,115,167,42,18,61,3.77,51,N
3,6,4,0,0,4,4,0.31,2,2.0,3,0.75,15,3,0.67,13,1,3,0.75,28.67,7.0,1404.72,0.07,45,0.14,78.04,200.67,0.75,1,2,13,0.22,14,31,11,11,18,0.0,13,N
1,6,11,0,0,4,4,0.2,2,2.0,3,0.75,25,1,0.0,20,1,3,0.75,48.84,14.22,9878.21,0.23,128,0.07,548.79,694.56,0.25,1,2,23,0.18,48,80,27,16,22,0.0,20,N
21,30,25,1,3,26,18,0.16,12,2.17,16,0.89,115,3,0.12,112,1,11,0.61,102.5,38.09,148686.82,1.3,597,0.03,8260.37,3903.88,0.17,7,13,99,0.13,219,378,69,24,138,3.45,113,Y
12,24,16,0,6,38,13,0.22,18,2.11,12,0.92,77,7,0.5,59,3,10,0.77,65.25,34.2,76313.12,0.74,351,0.03,4239.62,2231.5,0.54,10,19,66,0.16,125,226,53,29,79,9.23,59,Y
5,18,15,0,0,26,10,0.19,12,2.17,10,1.0,65,5,0.44,52,0,9,0.9,80.76,27.14,59492.48,0.73,353,0.04,3305.14,2191.94,0.5,7,13,57,0.17,137,216,53,21,59,0.0,52,N
27,51,45,3,2,62,30,0.14,30,2.07,23,0.77,229,14,0.45,211,0,27,0.9,195.9,54.54,582830.35,3.56,1413,0.02,32379.46,10685.45,0.47,16,31,201,0.12,556,857,158,31,246,2.31,214,Y
1,3,4,0,0,4,2,0.29,2,2.0,2,1.0,11,1,0.0,7,0,2,1.0,24.71,5.63,781.73,0.05,34,0.18,43.43,138.97,0.5,1,2,11,0.22,10,24,8,9,9,0.0,7,N
3,11,6,0,0,18,6,0.43,8,2.25,5,0.83,28,1,0.0,14,3,6,1.0,37.16,16.43,10037.72,0.2,114,0.06,557.65,610.76,0.17,5,9,24,0.32,42,72,23,18,19,0.0,14,N
2,5,7,0,0,8,3,0.2,4,2.0,3,1.0,18,1,0.0,15,1,3,1.0,40.99,14.0,8034.06,0.19,111,0.07,446.34,573.86,0.33,2,4,17,0.17,44,67,22,14,18,0.0,15,N
2,5,6,0,7,8,3,0.25,4,2.0,3,1.0,15,1,0.0,12,1,3,1.0,29.1,10.5,3208.05,0.1,65,0.1,178.23,305.53,0.33,2,4,14,0.13,21,44,13,13,23,36.84,12,Y
5,11,7,0,0,20,6,0.27,10,2.0,5,0.83,32,1,0.0,22,2,4,0.67,39.49,17.0,11411.18,0.22,127,0.06,633.95,671.25,0.17,5,10,28,0.21,44,83,22,17,28,0.0,22,N
13,7,21,0,5,12,4,0.11,6,2.0,4,1.0,55,1,0.0,37,1,4,1.0,89.21,24.0,51383.14,0.71,347,0.04,2854.62,2140.96,0.25,3,6,53,0.07,144,203,54,18,56,11.9,37,N
3,11,3,0,0,20,6,0.25,10,2.0,2,0.33,26,1,0.0,24,1,4,0.67,31.92,18.79,11268.26,0.2,116,0.05,626.01,599.71,0.17,5,10,22,0.21,42,74,19,17,28,0.0,24,N
1,6,5,0,1,4,4,0.27,2,2.0,2,0.5,16,1,0.0,15,0,2,0.5,37.99,9.39,3349.04,0.12,72,0.11,186.06,356.7,0.25,1,2,14,0.21,26,46,18,13,19,6.25,15,N
15,33,13,0,9,58,17,0.22,26,2.23,13,0.76,97,12,0.69,76,3,10,0.59,69.47,40.7,115062.64,0.94,473,0.02,6392.37,2827.25,0.71,16,29,82,0.17,175,298,43,20,102,10.59,76,N
6,27,7,0,0,44,14,0.37,18,2.44,14,1.0,86,9,0.62,38,2,14,1.0,41.06,42.15,72932.91,0.58,323,0.02,4051.83,1730.49,0.64,13,22,74,0.31,119,204,24,17,45,0.0,38,N
1,20,11,0,2,26,11,0.28,10,2.6,8,0.73,52,1,0.0,39,3,10,0.91,60.86,22.0,29456.04,0.45,224,0.05,1636.45,1338.91,0.09,8,13,43,0.25,82,142,41,22,44,4.88,39,N
3,10,7,0,2,12,6,0.26,6,2.0,6,1.0,31,1,0.0,23,0,6,1.0,38.97,10.97,4689.17,0.14,88,0.09,260.51,427.5,0.17,3,6,27,0.21,27,61,16,13,29,8.0,23,N
2,3,5,0,0,4,2,0.2,2,2.0,2,1.0,12,1,0.0,10,1,1,0.5,31.89,8.53,2320.9,0.09,56,0.12,128.94,272.05,0.5,1,2,12,0.15,21,35,16,13,13,0.0,10,N
0,3,1,0,0,4,2,0.33,2,2.0,2,1.0,7,1,0.0,6,2,2,1.0,13.38,7.33,719.39,0.03,24,0.14,39.97,98.1,0.5,1,2,7,0.29,8,16,6,11,7,0.0,6,N
5,13,11,0,0,24,7,0.21,12,2.0,6,0.86,42,5,0.67,34,2,5,0.71,42.13,26.79,30243.28,0.38,200,0.04,1680.18,1128.77,0.71,6,12,37,0.18,74,126,29,21,40,0.0,34,N
0,3,7,0,0,4,2,0.17,2,2.0,2,1.0,14,1,0.0,12,1,1,0.5,41.57,8.24,2819.37,0.11,72,0.12,156.63,342.35,0.5,1,2,14,0.15,28,44,17,10,13,0.0,12,N
9,18,10,0,1,4,12,0.16,2,2.0,10,0.83,67,1,0.0,73,0,10,0.83,96.22,23.35,52445.24,0.75,373,0.04,2913.62,2246.34,0.08,1,2,57,0.14,143,230,49,16,85,1.35,73,N
0,3,3,0,0,4,2,0.22,2,2.0,2,1.0,8,1,0.0,9,1,2,1.0,17.88,9.33,1557.81,0.06,38,0.11,86.54,166.91,0.5,1,2,8,0.2,14,24,9,12,10,0.0,9,N
1,8,5,0,0,8,5,0.21,4,2.0,4,0.8,22,1,0.0,24,1,4,0.8,43.9,12.52,6882.97,0.18,104,0.08,382.39,549.68,0.2,2,4,19,0.19,36,68,23,16,26,0.0,24,N
20,25,29,2,18,36,14,0.13,18,2.0,9,0.64,102,5,0.31,102,0,12,0.86,163.29,25.13,103097.32,1.37,590,0.04,5727.63,4102.97,0.36,9,18,90,0.1,233,357,102,22,144,16.39,104,N
6,9,10,0,2,14,5,0.21,6,2.33,5,1.0,34,4,0.75,24,1,3,0.6,47.78,23.7,26838.69,0.38,195,0.04,1491.04,1132.43,0.8,4,7,31,0.15,79,116,35,21,33,7.69,24,N
2,3,2,0,0,4,2,0.22,2,2.0,2,1.0,7,1,0.0,9,0,2,1.0,15.92,8.64,1189.32,0.05,33,0.12,66.07,137.61,0.5,1,2,7,0.15,11,22,7,11,13,0.0,9,N
6,40,27,1,13,66,21,0.31,30,2.2,19,0.9,122,9,0.4,66,3,16,0.76,88.04,36.99,120439.45,1.09,487,0.03,6691.08,3256.33,0.43,18,33,103,0.24,180,307,73,30,88,17.5,67,N
5,18,18,0,2,20,10,0.17,10,2.0,8,0.8,62,5,0.44,58,0,9,0.9,69.5,23.96,39892.13,0.56,269,0.04,2216.23,1665.06,0.5,5,10,54,0.15,92,177,48,25,66,3.33,58,N
5,13,4,0,3,22,7,0.23,10,2.2,4,0.57,30,7,1.0,31,0,6,0.86,26.27,19.43,9914.72,0.17,104,0.05,550.82,510.32,1.0,6,11,25,0.17,34,70,14,16,41,8.82,31,N
8,9,13,0,1,16,5,0.11,8,2.0,5,1.0,68,1,0.0,44,0,5,1.0,72.83,29.48,63297.51,0.72,348,0.03,3516.53,2147.13,0.2,4,8,65,0.09,134,214,50,22,54,2.22,44,N
0,3,8,0,0,4,2,0.17,2,2.0,2,1.0,16,1,0.0,12,0,2,1.0,33.66,13.22,5883.89,0.15,89,0.08,326.88,445.0,0.5,1,2,16,0.15,34,55,18,14,13,0.0,12,N
0,3,3,0,0,4,2,0.5,2,2.0,2,1.0,9,1,0.0,4,0,1,0.5,19.46,3.5,238.4,0.02,19,0.29,13.24,68.11,0.5,1,2,9,0.4,5,14,5,7,5,0.0,4,N
0,7,3,0,0,6,4,0.25,2,3.0,2,0.5,14,3,0.67,16,0,3,0.75,23.55,8.45,1681.86,0.07,44,0.12,93.44,199.04,0.75,2,3,12,0.24,13,31,10,13,17,0.0,16,N
4,3,6,1,0,4,2,0.14,2,2.0,2,1.0,12,1,0.0,13,2,2,1.0,35.51,12.28,5352.73,0.15,88,0.08,297.37,435.97,0.5,1,2,12,0.11,34,54,18,13,19,7.14,14,Y
16,32,32,1,12,36,19,0.16,18,2.0,16,0.84,141,4,0.17,121,0,16,0.84,167.64,36.55,223888.39,2.04,867,0.03,12438.24,6126.3,0.21,9,18,124,0.12,335,532,110,24,153,9.7,122,N
0,3,1,0,0,4,2,0.22,2,2.0,1,0.5,6,1,0.0,9,1,1,0.5,14.87,8.57,1092.32,0.04,30,0.12,60.68,127.44,0.5,1,2,6,0.2,10,20,7,12,10,0.0,9,N
0,3,4,0,0,4,2,0.25,2,2.0,2,1.0,9,1,0.0,8,0,2,1.0,28.73,7.92,1800.5,0.08,51,0.13,100.03,227.43,0.5,1,2,9,0.2,19,32,12,10,10,0.0,8,N
1,3,3,0,0,4,2,0.5,2,2.0,2,1.0,9,1,0.0,4,0,2,1.0,19.29,6.72,871.59,0.04,30,0.15,48.42,129.66,0.5,1,2,9,0.33,11,19,9,11,6,0.0,4,N
14,11,15,0,0,8,7,0.12,4,2.0,5,0.71,44,4,0.5,58,2,4,0.57,104.52,18.11,34291.94,0.63,311,0.06,1905.11,1893.2,0.57,2,4,39,0.1,128,183,53,15,73,0.0,58,N
1,7,9,0,0,12,4,0.33,6,2.0,4,1.0,24,1,0.0,12,3,4,1.0,44.33,7.33,2383.85,0.11,70,0.14,132.44,325.07,0.25,3,6,22,0.29,22,48,15,10,14,0.0,12,N
8,16,13,0,9,20,10,0.22,10,2.0,8,0.8,56,1,0.0,46,2,7,0.7,65.15,27.14,47999.33,0.59,297,0.04,2666.63,1768.4,0.1,5,10,48,0.15,114,183,42,20,65,16.36,46,N
0,7,5,0,0,8,4,0.36,2,4.0,3,0.75,17,4,1.0,11,1,1,0.25,18.54,18.0,6006.03,0.11,68,0.06,333.67,333.67,1.0,3,4,15,0.33,24,44,12,18,12,0.0,11,N
2,12,5,0,1,14,7,0.33,6,2.33,6,0.86,29,3,0.33,21,0,7,1.0,28.85,17.34,8678.36,0.17,101,0.06,482.13,500.37,0.43,4,7,24,0.28,37,64,16,15,25,4.55,21,N
2,5,6,0,5,8,3,0.24282355145850693,4,2.0,3,1.0,18,1,0.0,14,0,3,1.0,35.41288256700008,10.016785798206133,3394.7955439467332,0.11435289708298615,71,0.10478429902766205,188.6023602919713,344.9837219316151,0.2989020563201967,2,4,16,0.13717644854149308,23,48,15,13,24,29.941040802111324,14,Y
4,4,6,1,0,4,3,0.16245108790277984,2,2.0,2,0.8596807006076259,15,1,0.0,17,0,2,0.8596807006076259,33.635334160117885,13.065788076597293,5725.934434207909,0.15,88,0.07438722802430504,318.1035796782172,438.2319471062051,0.3596807006076259,1,2,14,0.1268383159270849,32,55,17,14,24,5.686292058295004,18,Y
17,27,17,3,12,25,16,0.17458065640090878,12,2.016032297403181,11,0.6595485332118141,95,4,0.15345198943044414,90,0,12,0.7597742666059071,88.94124844902254,36.96203682696942,120626.35783275121,1.09,502,0.02770967179954561,6701.468815079912,3262.9634277058753,0.20971002022771779,6,12,80,0.12916131280181756,183,319,64,25,126,14.611517629521323,93,Y
5,11,6,0,0,13,6,0.29307663487296115,4,2.4937955963643907,6,0.8987591192728782,39,4,0.49379559636439074,28,0,6,0.8987591192728782,51.481646205193115,17.18226289890517,15952.672622785914,0.30086861650898533,166,0.05987591192728782,886.2595487920821,896.4012875818619,0.5950364770915126,4,6,34,0.2285109431274538,63,103,26,14,35,0.0,28,Y
2,4,5,0,0,4,2,0.21340870194326042,2,2.0,2,0.8806832073454985,13,1,0.0,12,0,2,0.7613664146909971,25.40477267170618,13.848407479479222,4874.561374721852,0.12,72,0.07,270.80925566945257,351.89791370404237,0.38068320734549854,1,2,12,0.1734087019432604,25,46,14,15,16,4.7516414190823255,13,Y
8,10,13,1,3,8,6,0.16862294908207254,4,2.0,5,0.7713770509179275,39,3,0.3263016195356267,38,0,5,0.7713770509179275,80.70877882727783,15.874452694287381,18898.705752326227,0.404347538898487,208,0.06717376944924351,1049.9273082802645,1209.5209445243488,0.4461573621058237,2,4,35,0.12144917963282902,75,133,39,16,53,9.34253058038847,40,Y
4,8,9,0,3,8,5,0.19,4,2.0,2,0.40889669436043335,28,1,0.014488902244134256,27,0,4,0.7987290436627953,64.77704098279912,14.52958358847689,13642.858859510843,0.3130502952092914,162,0.07025419126744095,757.9328415129028,939.8535303724443,0.21093022449996093,2,4,25,0.13974580873255907,51,110,35,19,36,10.16064888102268,27,Y
4,7,7,0,2,8,4,0.22323674280979913,4,2.0,4,1.0,26,1,0.0,21,0,4,1.0,52.6427452416467,8.697940682526475,3904.483478603407,0.15352651438040174,88,0.11784217146013391,216.91182772557033,452.6654669459943,0.2140258855091296,2,4,23,0.15676325719020087,29,59,21,13,30,11.1115887544869,21,Y
1,3,5,0,0,4,2,0.3274856651450613,2,2.0,2,1.0,13,1,0.0,6,1,2,1.0,25.351630948607664,6.625716742746937,1133.3228872002692,0.051571459284336714,41,0.14842854071566328,62.96038738857824,168.4481726502435,0.4946570384332552,1,2,13,0.21717137328819391,13,28,8,8,9,1.1578512006992898,6,Y
8,8,15,0,2,6,5,0.1772717917747244,3,2.0,4,0.9091026028159451,33,2,0.20724606557964514,29,1,4,0.9091026028159451,79.70220551944095,11.732635593922991,11368.537091987437,0.31544612597251953,165,0.0863641041126378,631.5836766196965,948.6860458927375,0.38816404371976343,1,3,30,0.13,56,108,36,15,42,5.9337820881751036,30,Y
8,27,29,2,3,29,17,0.15571779905381633,14,2.022004918675343,15,0.9079950813246571,118,8,0.4094552728090041,106,0,16,0.9559901626493142,153.9614132386234,30.600437171425934,124616.73968923542,1.4191091290833633,629,0.03371288037847347,6923.151554515206,4258.483721720013,0.44002459337671435,7,14,102,0.13943067943228982,232,396,87,21,124,5.240314204542366,109,Y
0,4,3,0,2,7,2,0.2740572239718827,3,2.0,2,1.0,13,1,0.0,10,1,2,0.8771426727911757,23.642407536296737,13.218968936136696,3969.408232735242,0.09982858617670594,62,0.07982858617670595,220.51993038759514,303.83524041726264,0.3771426727911757,1,3,12,0.17982858617670594,21,40,12,15,16,19.53864288449312,10,Y
14,25,17,3,5,34,14,0.19890797687113115,16,2.0998323121318703,14,1.0,80,6,0.39025358378822,65,0,13,0.9364703468251735,79.53691537983491,24.44658497054962,46004.00789827729,0.632940693650347,317,0.04184867052147814,2555.778464014763,1895.3771400273963,0.44504294796004507,9,17,68,0.15260531791408743,112,205,43,18,91,11.943574796867384,68,Y
4,6,7,0,1,7,4,0.210028310834045,3,2.0,4,1.0,23,1,0.0,19,0,4,1.0,47.98879682491035,9.783798358448617,4185.451427244292,0.150028310834045,86,0.10753538854255625,232.52146424817818,440.0288975877968,0.2747876687446625,1,3,21,0.15501415541702251,28,57,20,13,26,8.271728529772274,20,Y
15,27,13,1,6,40,15,0.20231148769106888,19,2.104103829230356,13,0.861038292303563,88,7,0.46462297538213776,76,1,11,0.7641038292303564,65.77475919849829,36.475921917082474,87808.30042866814,0.798961707696437,390,0.03,4878.240152230879,2400.042041450265,0.4987268046124941,10,20,74,0.1541038292303563,133,257,46,25,101,9.259480853848219,77,Y
10,14,13,0,8,15,9,0.12688937476026463,7,2.0268893747602648,7,0.7204460787390721,52,2,0.10511301042648907,75,1,8,0.8922224430728476,111.14955732468356,20.734248680127138,46048.63820583049,0.7484436935523183,354,0.04755551138543049,2558.2578139066172,2249.0292506259193,0.21311261289536343,3,7,45,0.09955590891655611,141,212,63,18,100,10.946235164068867,76,Y
0,4,4,0,2,7,2,0.2585600917254189,3,2.0,2,1.0,12,1,0.0,10,0,2,0.7455033946122355,26.224050088252604,10.730934130344929,2924.2989501814172,0.09,58,0.10084807338033511,162.46037012220904,271.9720202774915,0.3688956881335758,1,3,12,0.17771201834508377,19,39,12,13,15,18.814836968430754,10,Y
4,5,6,1,0,4,3,0.17692080360684828,2,2.0,2,0.7692449774571982,18,1,0.0,20,0,2,0.7692449774571982,32.42711289882817,13.57222812623969,5966.464518356639,0.15,88,0.07076979909828794,331.4663621309244,439.68977096338995,0.2692449774571982,1,2,16,0.13769060270513622,31,56,17,14,27,4.749377966456573,21,Y
10,18,16,1,6,24,10,0.2163602324662029,11,2.0869254358741305,8,0.8031801162331015,58,5,0.4652298256503478,49,0,8,0.7828975145291377,80.65583551602934,20.744794064205276,30530.198784460485,0.5146646222424203,257,0.05420497094172464,1696.125327052553,1547.3764236956129,0.5223323111212101,6,12,49,0.15766768887878985,89,167,44,19,68,12.550568591661964,50,Y
8,24,32,1,1,22,16,0.14806106436270022,11,2.01128549010778,14,0.9187145098922197,113,6,0.3512640891565217,106,0,15,0.9774290197844394,171.4294877629357,27.77969611121876,120834.71855876267,1.492613782118078,651,0.03677557425491991,6713.0385038154745,4478.268759681562,0.3864274505389016,5,11,99,0.13483663861762013,247,404,96,20,121,2.687558858524254,108,Y
8,22,34,0,0,16,15,0.14140604695314854,8,2.0119513991017626,14,0.9271879060937029,109,4,0.2780486008982374,107,0,14,0.9725820844136035,183.68119900255346,25.74361517689063,119090.97368695089,1.5510183661324948,669,0.03929697652342573,6616.162513926066,4653.0117743045985,0.3187516243748117,4,8,96,0.13,259,409,103,20,119,0.24254309941812302,107,Y
4,3,6,1,0,4,2,0.15726916583920247,2,2.0,2,1.0,13,1,0.0,12,1,2,1.0,37.58421869690865,11.882809185698342,5252.952597373496,0.15191879620435583,88,0.08383759240871166,291.82659776561604,443.10024669538626,0.4673804645259509,1,2,13,0.1157563886130675,33,55,18,13,19,8.51193928611442,13,Y
8,10,15,0,5,10,6,0.1,5,2.0,5,0.7656406100911433,45,1,0.18329812174478827,67,1,5,0.8506723005208339,111.16800682884137,19.310325586783854,41418.02510272762,0.7130147888671889,336,0.05,2301.002005589718,2145.729681624874,0.30230023444010096,2,5,40,0.08366596243489577,137,199,64,18,85,7.242240615559951,67,Y
9,12,15,1,5,11,7,0.19,5,2.0,5,0.7050112065657013,44,4,0.49673253640699905,39,0,5,0.7564269704906141,94.63384422772455,13.184377661601529,16298.523790357933,0.4145752708225261,209,0.07871460590187718,905.4740123228361,1241.1881184071594,0.5747280537807187,2,5,38,0.13128539409812284,70,139,43,16,56,15.507630929986377,40,Y
16,28,12,1,6,41,16,0.19588983769302656,19,2.101963279231009,13,0.8396327923100886,92,7,0.4517796753860531,82,1,12,0.7619632792310088,65.96526814844022,37.302174216830586,91981.5188479459,0.8203672076899114,404,0.03,5110.0852632102,2461.2296631816116,0.48374295461706196,10,20,78,0.15196327923100886,136,268,44,24,109,9.270183603844956,83,Y
5,5,11,0,0,4,3,0.19425410765518467,2,2.1865700588860357,3,0.9384318805676082,23,1,0.18657005888603584,20,2,3,1.0,59.346647785730084,12.296139202780484,7904.537486509142,0.22388019175595497,123,0.08440289823341893,439.1373271892987,678.075516388205,0.3899275441645269,1,2,21,0.1486570058886036,42,80,28,15,28,1.6959218352740657,20,Y
4,16,5,0,0,22,8,0.42206533960739423,7,2.892558998489978,8,0.9355353990939866,47,8,0.8925589984899778,20,0,8,0.9785117996979955,48.68864584570058,14.552148820030201,10309.094435975043,0.23859528012080178,136,0.07,572.7300260358248,708.4814046561164,0.9140471987919823,7,11,41,0.3274373896828953,47,89,22,13,27,1.0744100151002218,20,Y
15,26,29,0,1,21,16,0.15078684483831303,10,2.0916881811256607,15,0.908426310323374,112,3,0.19831181887433935,109,0,12,0.7896565256528962,142.7246354359254,31.97246497263984,134022.31463438412,1.4243775946827744,632,0.03460657758084349,7445.678328517505,4275.068808309207,0.2437052412934959,5,10,97,0.13,239,393,86,22,128,1.8607307346089952,110,Y
4,4,8,0,1,7,2,0.22807440155164063,3,2.0,2,1.0,18,1,0.0,11,1,2,1.0,40.98609229804453,11.109254475383828,4695.286559551452,0.14652081086148439,86,0.09422320465492189,260.8450021522551,435.343981647844,0.3627351736221094,1,3,17,0.14577679534507815,30,55,19,13,19,13.463918265653827,12,Y
5,6,6,0,0,4,4,0.17896091299923492,2,2.0,3,0.7759771750191267,19,1,0.0,21,0,3,0.7759771750191267,35.95331576978561,13.403602857796493,6257.035902323257,0.16039087000765068,92,0.07207817400153015,347.60927452279213,472.77488217813175,0.25,1,2,17,0.13896091299923494,32,60,18,15,28,4.077215414651894,22,Y
20,41,41,2,1,47,25,0.14,23,2.0477397567519695,20,0.8208805559954983,190,11,0.3991194440045018,177,0,23,0.9318003474971864,193.96653887217107,45.08575668908649,434647.92708175,2.927173084805991,1178,0.026360069499437276,24147.103701214128,8785.128014297887,0.42547951350393903,12,23,167,0.12318003474971864,462,715,141,27,205,1.5754119728149945,179,Y
6,8,7,0,0,6,5,0.1741160966035798,2,2.110051924527677,4,0.8220103849055354,32,1,0.11005192452767676,34,0,4,0.8220103849055354,54.98522592906231,19.17772999245608,20527.894924626322,0.3545927305661252,190,0.05220103849055354,1140.436007269848,1059.1469788078123,0.2880415396221414,1,3,28,0.1364124618866424,75,115,30,15,42,0.0,34,Y
2,4,6,0,5,7,2,0.2340445386220641,3,2.0,2,1.0,14,1,0.0,11,1,2,1.0,28.256639898594816,11.231671871759634,3565.876294268093,0.10455870325083884,66,0.09316194512374175,198.10822552528273,315.29930106654757,0.3687489776321301,1,3,13,0.13227935162541943,21,44,13,13,20,30.51479923946112,11,Y
2,5,4,0,0,4,3,0.23125293463515076,2,2.427107788626256,2,0.7158313769098995,16,1,0.4271077886262563,16,1,3,0.856776947156564,26.58343012476857,15.465310556457752,6047.180232505619,0.13291568845494975,79,0.06572892211373745,335.9500939083248,397.65653383559294,0.5703308414696923,1,2,14,0.17843970097636308,28,50,15,17,21,6.489069360363203,16,Y
3,3,5,0,0,4,2,0.1600183757485258,2,2.0,2,0.9545036914806233,12,1,0.0,13,1,2,0.9090073829612466,33.67194913581718,12.593014602613312,5284.975077500603,0.1445404429776748,85,0.07818014765922493,293.60654535927716,421.36932466996166,0.4545036914806233,1,2,12,0.12819852340775068,32,52,17,13,19,5.8406254286866,14,Y
5,5,9,1,0,7,3,0.2230365291628172,3,2.0,3,0.9651826458140859,20,1,0.0,13,0,3,0.9651826458140859,44.34933775307726,10.69326487610049,4997.7531172878935,0.15860730583256344,92,0.09582191749769031,277.6481057042349,468.51600422328266,0.3188584466605075,1,3,19,0.14,32,59,20,13,21,12.933515880916783,14,Y
19,24,17,1,11,16,15,0.1699304786946881,8,2.0011818621903026,9,0.6020161178540453,83,1,0.0008342556637428843,86,0,11,0.7291657443362571,92.92701853832068,35.12078687028826,114648.72393741799,1.09145994741155,495,0.03,6369.37845552141,3264.0393967438567,0.07069521305311907,4,8,70,0.1200695213053119,189,306,69,25,122,13.926655022895938,88,Y
11,18,14,1,7,22,11,0.15381779671646778,10,2.053817796716468,9,0.8110234980463007,62,3,0.21037865989164672,72,1,10,0.9044626348711218,98.9313978716463,22.20062365756038,46306.37013237331,0.7068270414381862,341,0.04510747302577566,2572.5763902722383,2121.283264904051,0.2963459171236277,5,11,53,0.11914021579379475,130,210,56,18,98,11.663510403447733,74,Y
2,5,4,0,0,4,3,0.23008932037785346,2,2.417411003148779,2,0.7166071197480977,16,1,0.417411003148779,16,1,3,0.8543527507871947,26.71026407881397,15.424777993161896,6046.509796757707,0.13330355987404885,79,0.06582588996851221,335.9128582520913,398.61787314783004,0.5630582523615842,1,2,14,0.17756699028339012,28,50,15,17,21,6.445045954295456,16,Y
13,23,17,3,4,33,12,0.18556814084821965,15,2.0855681408482196,12,1.0,75,6,0.4455475467329511,61,0,11,0.9011259846388051,77.14475827865178,23.954006074432108,43960.6508672193,0.6111156875811707,307,0.0422210781047073,2442.2591838541953,1830.7923461721034,0.4988740153611949,8,16,64,0.1444524532670489,109,197,43,18,85,10.699045459984308,65,Y
4,8,9,0,3,8,5,0.19,4,2.0,2,0.441952878566789,30,1,0.06832325938019919,28,0,4,0.7940067316333159,68.11004881320567,14.379414065939445,13939.318997484717,0.32438384408004195,167,0.07119865367333683,774.4033214093209,973.4924478832378,0.25154210795348364,2,4,26,0.1388013463266632,53,114,36,19,38,10.757549121548875,28,Y
7,14,12,1,3,16,8,0.27777994456494326,6,2.3376151714036277,7,0.8344037928509069,48,6,0.71517452370356,33,1,7,0.8344037928509069,81.50935038387622,13.510055819103696,14411.416108094945,0.3624769657192744,188,0.07662384828596372,800.6360895945445,1082.6284175079543,0.7549176134193424,4,8,41,0.20427533770879813,64,124,36,14,48,10.810120402692792,35,Y
21,41,28,0,10,63,22,0.19657458223475116,30,2.126574582234751,19,0.8548618733521267,155,8,0.3368508355304977,116,0,16,0.7397053503348717,144.94515960056748,35.710093212866994,193086.81777308724,1.740184271448838,754,0.02942909703912519,10727.047305175256,5233.5555210748535,0.3662799325696229,16,31,134,0.14828729111737557,281,473,95,24,149,8.636924113253002,116,Y
2,3,6,1,0,4,2,0.16707188271916978,2,2.0,2,1.0,11,1,0.0,10,1,2,1.0,28.667581642729832,13.24781980721032,4963.69350938417,0.12969608796062265,76,0.07323202932020756,275.7598696194227,376.69611278637774,0.5,1,2,11,0.13030391203937736,27,49,15,15,15,8.459754282559526,11,Y
12,24,17,1,4,33,13,0.24112743730460198,14,2.312328342479913,12,0.9118055943036277,75,7,0.492254874609204,55,1,10,0.7951144383467248,71.53603841820184,25.825481777700272,47682.082115489626,0.6148120937825663,306,0.04,2649.0062703952494,1846.4645379583235,0.5270669683917703,9,16,64,0.18075162486973465,109,196,44,21,75,9.575156803753341,57,Y
17,27,27,0,2,23,17,0.15406037917790355,10,2.1195132230121803,15,0.9018792416441929,113,3,0.17048677698781978,110,0,12,0.7258226060308806,128.43238450927308,34.14609177412797,139232.77305443567,1.380184881098302,620,0.03296981041104822,7735.147149564478,4143.181383301444,0.21751696657677155,6,11,98,0.13,232,388,79,22,132,2.4254154081883637,111,Y
4,5,12,0,0,5,3,0.18090888807137884,2,2.0,3,1.0,23,1,0.0,20,2,3,1.0,59.44562438823213,11.063635552285515,7257.697961199613,0.21727333578586355,121,0.09,403.20291702131715,656.8181970188306,0.2790903681903435,1,2,21,0.14454518409517175,44,77,28,13,26,0.0,20,Y
11,14,19,0,6,15,8,0.16915346248162882,7,2.0,6,0.7805643583455808,55,4,0.48589104136048034,51,0,6,0.7805643583455808,97.78634737782852,17.991074430275063,31594.69023942804,0.5837920581986114,284,0.059717820827209604,1755.263714070998,1757.5553715976394,0.5498415497795459,3,7,48,0.11971782082720961,101,183,53,18,72,12.953855162670406,52,Y
7,7,21,0,0,4,5,0.09037552705057889,2,2.0,5,0.9861054991285811,51,1,0.0,57,0,5,0.9954936753930533,138.79727908382088,16.56552310121267,38057.351896506625,0.7611265811517367,357,0.05962447294942111,2114.2946541189935,2297.2747184238206,0.19737131064594782,1,2,48,0.08,144,213,70,16,66,0.38416417274220294,57,Y
9,22,30,0,1,21,14,0.16014258366602915,10,2.02769605254079,13,0.9274821770417464,100,5,0.34287428212332643,94,0,13,0.9420900719601663,158.45547940903438,27.17423575780017,106645.76097676114,1.3610206944649479,593,0.03748217704174636,5924.763395519157,4085.7031857774155,0.38287428212332647,5,10,88,0.13755346887476094,228,365,92,22,108,2.3239505904681113,94,Y
4,4,6,1,0,4,3,0.1601100597643046,2,2.0,2,0.8743121264730964,15,1,0.0,17,0,2,0.8743121264730964,33.83081000968057,12.98385209175066,5687.019523462035,0.15,88,0.07497248505892386,315.9416401923353,437.9960885212537,0.37431212647309636,1,2,14,0.12508254482322845,32,55,17,14,23,5.837873630261278,18,Y
7,9,17,0,2,13,5,0.1,6,2.0,5,0.8886750253677952,47,2,0.34956084509161517,56,0,4,0.8240702647853416,100.11818623521125,19.346903385920154,37451.21266521268,0.6431844450615216,309,0.05,2080.624091047966,1936.3251068240124,0.4585871943861183,3,6,43,0.0869912169018323,124,185,57,18,69,4.532158225006673,57,Y
9,17,18,0,2,22,10,0.21872871101205585,9,2.357579752811266,8,0.8784228840441695,64,5,0.39333772809239287,48,0,7,0.7639973631445643,89.60344362350307,23.532927510606847,45410.50001309235,0.6527260741566201,315,0.04569680988754935,2522.806751613495,1968.4892095444425,0.4717606121365623,6,11,56,0.16581914067470388,119,195,54,21,60,4.469746910140827,48,Y
10,39,18,8,11,56,21,0.18815565263227335,27,2.0674179136851825,18,0.8625820863148173,136,14,0.6559829600052776,105,0,18,0.8651641726296346,79.95769408473156,42.550542429729504,140639.3201507535,1.1077057347301758,534,0.020737738947090658,7813.298157273793,3327.3616223211197,0.6670895684259136,14,28,117,0.15889339157936402,169,364,50,24,139,16.05509458759994,113,Y
2,3,7,0,0,5,2,0.1634261399612062,2,2.0,2,1.0,14,1,0.0,13,2,2,1.0,38.61396354485982,11.834903340737082,5369.647577408651,0.15390435666020102,91,0.08390435666020103,298.3109499551084,454.8241383121108,0.43362593677658245,1,2,14,0.1334261399612062,35,55,19,12,18,4.352289344616463,14,Y
1,5,5,0,4,8,3,0.2600535804645772,4,2.0,3,1.0,14,1,0.0,11,0,2,0.8341159223344757,28.788339005598107,9.997320976771139,2887.250300955805,0.09497320976771138,61,0.10502679023228861,160.40500183630456,287.92618060652524,0.33,2,4,13,0.15513395116144307,19,41,12,12,19,29.093716252043247,11,Y
9,11,13,0,8,9,8,0.10875138771249819,4,2.025739375624995,5,0.6402957502499979,44,1,0.028313313187494145,77,1,7,0.8691894622375023,120.59176850802557,19.634469558849926,45928.62994142258,0.780733824775002,363,0.04948521248750011,2551.590695297786,2348.903698002731,0.15316543806249522,2,4,38,0.08617745014999872,149,213,69,18,99,10.025114570025043,77,Y
2,4,6,0,5,6,2,0.2304947475034372,3,2.0,2,1.0,13,1,0.0,11,1,2,1.0,28.069008082324537,11.394455150199523,3645.485938346487,0.10557292928473223,66,0.09164060607290167,202.53075814607487,317.47278745718114,0.37736989892022393,1,3,13,0.13278646464236613,21,44,13,13,20,29.107560617434036,11,Y
0,5,8,0,0,7,3,0.19816531771933307,3,2.091734114033346,3,1.0,19,1,0.0917341140333463,15,1,3,1.0,42.0399559147638,11.769296022268756,5732.705851679575,0.16091734114033346,96,0.0872479765789996,318.4827511691186,486.03964181224694,0.3914618564023421,2,3,18,0.16908265885966656,38,57,20,12,18,1.0191660069104778,15,Y
11,23,17,0,3,31,12,0.25562628655998165,13,2.4065708626398807,11,0.8707255214133853,72,7,0.5212525731199633,50,1,9,0.7322860915734128,70.64919213874778,26.088877539173,48072.410469243456,0.6123956189066697,302,0.04,2670.691715931546,1842.6005946317648,0.553648192026633,9,15,61,0.1904175243733211,109,192,46,22,67,7.905372664508779,50,Y
11,22,15,0,6,33,12,0.20261261534905323,15,2.0940615640699654,10,0.8779804870935454,72,6,0.42755256395438845,61,2,9,0.7859384359300345,73.66839206850005,32.03671955967804,71890.66189721122,0.7472447436045612,353,0.03289789744182446,3993.9275611897965,2252.5227969917155,0.48059310244259856,8,16,61,0.14840841023270215,128,224,55,27,82,9.374894872091224,61,Y
0,4,2,0,0,4,2,0.23468358280832688,2,2.0,2,0.8776368099306092,12,1,0.0,12,1,2,0.7552736198612184,21.943384242284655,14.449281570955744,4540.60397486871,0.10468358280832689,65,0.07,252.25520910688417,315.48845562028305,0.3776368099306092,1,2,11,0.18957811041110254,24,40,12,15,15,5.10547239722437,12,Y
2,3,6,0,0,4,2,0.18057398183557596,2,2.0,2,1.0,11,1,0.0,10,0,2,1.0,25.831777835812023,13.634951874998443,4766.585338384086,0.12057398183557597,71,0.07071747729446998,264.8107724127498,350.14164906671897,0.49569513623318023,1,2,11,0.140286990917788,24,47,14,15,14,9.074358994980555,11,Y
13,25,17,3,5,36,14,0.22452331629069003,16,2.204401555889485,13,0.9588506038430449,79,7,0.45904663258138007,60,1,12,0.8670656294070099,72.5516571535528,25.523840245947536,47235.077038967094,0.617579447284885,310,0.04,2624.1720400654417,1850.8895362085311,0.496626079866265,9,18,67,0.16968221086046,109,201,42,19,85,11.487398073855532,63,Y
8,23,12,1,4,36,12,0.2775416875849406,16,2.2016406642217636,10,0.8337708437924702,61,5,0.41934373431129457,45,0,9,0.7867213554740589,56.447098493733826,24.446272098888905,28751.58887886272,0.41524475767447155,217,0.04655728905188243,1597.313453194847,1245.0291440216458,0.4726223788372358,10,18,51,0.2073776211627642,72,145,31,19,62,11.521955377478188,46,Y
8,11,20,0,1,12,7,0.11860564616055388,5,2.026221842313841,7,1.0,59,2,0.10250356540865146,59,0,7,0.9833133730730103,123.67642982708222,18.557747385107287,39922.11012608495,0.7266267461460205,346,0.055232392306574354,2217.893023828224,2189.430891367745,0.2643627038612463,3,6,54,0.09907043077370259,135,211,63,16,71,3.137085862274077,60,Y
4,6,5,0,0,4,4,0.19663462807946797,2,2.0,3,0.75,18,1,0.0,19,0,2,0.6905906140019,30.56357020261138,13.756044014077567,5771.165210244763,0.142870873680228,84,0.07,320.6173247151579,419.9766605432004,0.25,1,2,16,0.15663462807946799,30,54,16,14,25,3.4687491748345813,20,Y
4,5,8,0,0,6,3,0.2354356730277628,3,2.0,3,0.9320540871529649,19,1,0.0,13,0,2,0.8641081743059298,40.637003849473984,11.240060038761053,4872.869727473514,0.1491286539444744,87,0.0918464904583558,270.7113437778967,441.2253171635462,0.3082573078889488,1,3,18,0.15902485559716983,31,56,19,13,20,10.406211621663473,13,Y
10,12,15,0,4,11,7,0.1589665060184224,5,2.0,5,0.7873556626543851,46,3,0.3161084336403734,46,0,5,0.7873556626543851,83.18164746174492,18.60568747022185,28186.154980752097,0.5090877108017643,254,0.05632216867280747,1565.898380376454,1529.8225642105056,0.4275980722210689,2,5,40,0.11632216867280747,93,160,45,17,62,8.427450840852355,46,Y
3,6,4,0,0,4,4,0.22426140814155054,2,2.0,3,0.75,17,1,0.0,17,0,2,0.5919235423516052,27.895612585187404,13.882337865789946,5361.803423333422,0.1310308250821926,79,0.07,297.87653804119793,386.721910714185,0.25,1,2,15,0.18426140814155056,29,50,15,14,22,1.6730084707992132,18,Y
1,5,5,0,5,8,3,0.25732940578478214,4,2.0,3,1.0,14,1,0.0,11,0,2,0.8790648045510953,28.872788420671757,10.133529710760895,2974.1759908133877,0.09633529710760895,62,0.10366470289239106,165.23496354358133,292.6962104708465,0.33,2,4,13,0.14832351446195527,20,42,12,12,20,31.192692842825387,11,Y
1,10,3,0,0,14,5,0.3696337973887862,4,3.0,5,0.8231943542553297,29,5,1.0,14,2,5,1.0,31.98153702324396,16.323414204287452,7865.05613743639,0.16570703791102898,98,0.06464225315925241,436.9464317352099,499.0958411862779,1.0,4,7,25,0.28570703791102897,35,62,17,16,19,4.870191878239554,14,Y
11,23,16,0,5,37,12,0.2245144885027204,17,2.145213010321219,11,0.9118739206951033,76,7,0.5045144885027204,57,2,9,0.7609710229945592,65.65810976064593,33.491225305072895,73798.21131734701,0.7282623298929269,346,0.030902897700544083,4099.902901124707,2196.0404986065323,0.5436115908021764,9,18,65,0.16361159080217633,123,222,52,28,77,8.960936485237864,57,Y
11,13,18,0,5,14,8,0.16505907486767715,7,2.0,6,0.7832939500882152,51,4,0.417651247794619,49,0,6,0.7832939500882152,91.91636033529312,18.23810248298348,30224.716332575033,0.5537665490296323,272,0.05835302495589238,1679.1531427152504,1666.0239716918784,0.5007088984121257,3,7,45,0.11835302495589238,98,174,50,18,68,11.134582266204543,50,Y
13,36,16,6,10,52,20,0.19,25,2.079623401949152,17,0.8471687974011305,124,12,0.5962205850565008,99,0,17,0.8279219935028264,72.66730357562162,41.57156706409612,126877.46489211483,1.0098049837570662,493,0.023207800649717357,7048.750114495124,3031.567036211848,0.6126361863559355,13,26,106,0.15679219935028263,157,336,46,24,132,14.299435319858873,106,Y
0,3,2,0,0,4,2,0.21253925958400582,2,2.0,2,1.0,9,1,0.0,9,1,2,1.0,19.88459550051101,14.661773342832172,4241.866372427984,0.09559555531199562,59,0.07,235.65844266573868,290.23420830848556,0.5,1,2,9,0.1644044446880044,21,38,12,16,12,9.830268155536132,9,Y
6,7,7,0,0,4,5,0.15264029388197684,2,2.040775141554764,4,0.8081550283109529,30,1,0.040775141554763916,35,0,4,0.8081550283109529,55.617722957605004,19.537969263915226,21353.85429729917,0.36429148018233304,195,0.05081550283109528,1186.3221772397865,1088.5272624666245,0.23262011324381116,1,2,27,0.11978603397314334,77,117,31,15,43,0.0,35,Y
2,3,5,0,1,5,2,0.22409107056811758,2,2.0,2,1.0,13,1,0.0,10,1,2,1.0,29.952265473685703,12.96947004468909,4410.968343940529,0.11863749397682308,71,0.08227321170435276,245.05109480258622,357.1790777581713,0.43045180034200115,1,2,13,0.15772678829564726,25,45,15,15,15,11.755069273722443,10,Y
9,14,14,0,7,15,9,0.154814058486812,6,2.1612178190788587,6,0.6944871276315435,51,2,0.17733960098674467,68,1,7,0.8122885159868793,106.07389850750948,21.55284431815664,46651.567301812225,0.7319615851316108,345,0.046775643618422826,2591.7546346441186,2203.1776650860165,0.2750960371709729,4,7,44,0.11869227657892611,138,206,63,19,88,8.946706160132283,68,Y
1,4,8,0,0,7,2,0.19900473026432863,3,2.0,2,1.0,18,1,0.0,14,2,2,1.0,43.328126760023544,11.158910124977757,5395.341249372556,0.15983412171072145,95,0.08983412171072143,299.74002333228384,483.4589737410738,0.33281993091773554,1,3,17,0.16900473026432863,38,56,20,12,18,0.11843709854489291,14,Y
4,4,6,1,0,4,2,0.15951627766802876,2,2.0,2,0.8780232645748203,15,1,0.0,16,1,2,0.8780232645748203,33.8803908147196,12.963069718381007,5677.149083675642,0.15,88,0.07512093058299281,315.39328242642455,437.9362649750539,0.3780232645748203,1,2,14,0.12463720825102158,32,55,17,13,23,5.876321020995137,17,Y
4,7,10,0,2,7,4,0.18547008449604124,3,2.0,2,0.5358974651187628,27,1,0.0,26,0,4,0.8452991550395876,64.94453014343031,13.76593999804732,12375.867479764736,0.2964102534881237,155,0.07452991550395877,687.5444302623605,891.0771709457856,0.2113247887598969,1,3,24,0.13773504224802063,50,105,34,18,35,7.735042248020621,26,Y
13,36,15,6,10,52,20,0.19,25,2.0806448162877165,17,0.845806911616378,123,12,0.5883897417941735,98,0,16,0.824517279040945,72.34011051583481,41.395543326416856,125320.10764067672,1.0012931976023625,489,0.0235482720959055,6962.230191532685,3005.790964435282,0.6054862859859845,13,26,104,0.1564517279040945,156,333,45,24,131,14.047826921125836,105,Y
1,3,5,0,0,4,2,0.31081969280945093,2,2.0,2,1.0,15,1,0.0,8,1,2,1.0,30.506328141691043,6.845245529429883,1575.6225057171787,0.06918030719054906,49,0.14476900712985025,87.53187707754046,217.43633583286967,0.4476900712985026,1,2,15,0.2095380142597005,15,33,10,8,12,1.3949314320399315,8,Y
1,8,7,0,0,11,4,0.2634468107123342,3,3.0,4,1.0,28,4,1.0,17,1,4,1.0,33.81509550462545,16.933735196453508,9329.038878496227,0.18854373571385205,109,0.06309062261897534,518.2817356103724,558.6916263534749,1.0,3,5,25,0.21872182976053148,36,73,17,16,21,7.676318270318396,17,Y
21,34,26,0,6,40,19,0.1754694138520215,18,2.1545305861479784,17,0.8783979396109839,128,4,0.20121442272311285,111,1,12,0.6564082415560645,117.72190323038916,36.72869158102211,156731.77375551997,1.4276226642791774,642,0.03,8707.316172366069,4290.452917455092,0.2434797157971021,10,20,111,0.13773470692601075,236,405,77,24,140,5.604115878893993,112,Y
4,16,5,0,0,22,8,0.4303862965083877,7,2.9367299887367344,8,0.9873459977473469,48,8,0.9367299887367345,21,0,8,0.9873459977473469,47.43765520283361,14.879004058568981,10671.74303628741,0.23885780157685718,138,0.0687345997747347,592.8775246603366,708.5528117767509,0.9493839909893877,7,11,41,0.3348151972968163,49,89,21,13,27,0.0,21,Y
4,15,5,0,0,21,8,0.4128693450805818,7,2.8624790558540067,8,0.9656197639635017,45,7,0.8624790558540067,20,0,8,0.9656197639635017,44.83981733049536,14.430356778592987,9381.102698066663,0.21899832446832054,127,0.07,521.1747122413291,648.4784373810305,0.8968592918905051,7,10,39,0.3211206017293414,44,82,20,13,26,0.6257202958642692,20,Y
16,24,16,1,9,23,14,0.18705331755251292,11,2.0375172986155285,10,0.7091412323360827,80,3,0.17053317552512925,76,1,10,0.7436426540420104,83.44315804750237,34.79304028405477,101416.71949346947,0.9706267771324095,445,0.03,5634.266246675107,2908.9233271392714,0.2303011849936215,6,11,68,0.13364265404201034,167,278,64,27,107,12.373113505490267,78,Y
9,22,33,0,0,17,15,0.1422694704248118,8,2.0192904986109,14,0.9254610591503765,109,4,0.2707095013890998,107,0,14,0.9557453267161703,179.91149212527176,26.31692836207502,120465.2779194095,1.5393621492650411,666,0.03886526478759411,6692.512461254832,4618.225306054758,0.3118442366015058,4,8,96,0.13,258,408,101,20,120,0.3914836482800323,107,Y
4,8,9,0,3,8,5,0.19,4,2.0,2,0.42635723360250305,29,1,0.04292463758121923,28,0,4,0.7962346809139282,66.53756221094952,14.450262853062915,13799.45146077687,0.3190367658065725,165,0.07075306381721438,766.6326799084014,957.6218739777242,0.232381744140218,2,4,26,0.13924693618278564,52,112,35,19,37,10.475936332479483,28,Y
7,7,20,0,1,4,5,0.09122660646619019,2,2.0,5,0.954615560750963,50,1,0.0,59,0,5,0.9852807224057177,137.43129662176474,16.804676416999445,38741.25293142998,0.7636798193985705,358,0.05877339353380981,2152.289392470129,2304.288463887873,0.1914137547366687,1,2,47,0.08,144,213,70,16,69,1.254818414912565,59,Y
8,26,30,2,3,26,16,0.1528970813857578,13,2.018055913940061,15,0.9119440860599392,116,7,0.3880178185317591,106,0,16,0.9638881721198782,160.3965985265322,29.561284782513162,123223.45465925089,1.4461880186967253,637,0.03484116744569689,6845.74654855541,4339.4518582381,0.4202795697003045,6,13,101,0.13773824883145466,237,399,91,21,123,4.299886934011645,108,Y
8,18,15,0,1,18,10,0.1527987236827343,9,2.0,10,0.9538011167776075,69,1,0.17000797698291048,68,0,9,0.8395990427620508,106.89679445018884,19.64399361841367,41362.602484295225,0.6987971282861523,339,0.05,2297.92072698506,2102.667198738407,0.2502084556018851,4,9,60,0.12959904276205075,127,211,55,17,79,2.33739377795333,68,Y
9,13,13,0,7,10,9,0.11462222398390273,5,2.0,6,0.6848333399396352,49,1,0.0,79,1,7,0.8763444440040243,121.92250538357149,19.36321667789738,45688.11655423757,0.7845166660060365,367,0.05,2538.22808819831,2360.0285035602324,0.11903333201207295,2,5,42,0.0927944459859149,148,218,68,17,99,8.811644273561434,79,Y
14,32,17,5,12,39,18,0.18110401623198924,19,2.0388640568119625,14,0.7443522110158602,113,8,0.3719845437716398,96,0,15,0.8021761055079301,83.3605141135332,39.61378259830363,129478.52450672824,1.09,513,0.024447991884005378,7193.255127705322,3267.810284060368,0.4086724950756721,10,19,96,0.1422080324639785,176,337,57,25,131,15.482386166970565,102,Y
7,14,17,0,0,11,9,0.13233144794795942,5,2.0,8,0.9670755404849205,65,1,0.0,67,0,8,0.9341510809698409,128.17746279957433,18.02156007985806,41269.69752344612,0.76,361,0.05529650578356007,2292.7579344417722,2290.323134742519,0.13885457518628086,2,5,57,0.11292445951507954,139,221,64,16,77,1.1617630714606642,67,Y
11,23,17,0,3,31,12,0.2554888625459729,13,2.405677606548824,11,0.8711148894530768,72,7,0.5209777250919458,50,1,9,0.7328815956341175,70.65759790760465,26.086381002918507,48068.71083155432,0.6124185229090046,302,0.04,2670.4861754145936,1842.6372181314982,0.5533962480009503,9,15,61,0.19032590836398194,109,192,46,22,67,7.921199330122121,51,Y
9,21,13,0,2,18,13,0.17255177857552806,9,2.0,12,0.9020691696582303,76,1,0.0,79,0,11,0.8618620553561179,116.26713261656408,19.732517588418993,45279.40906420501,0.762793083034177,367,0.05,2515.5197027983927,2294.4160417908925,0.07558616606835396,4,9,65,0.14348280625358706,136,230,59,17,92,3.192477478173778,79,Y
14,26,16,3,6,38,14,0.21102784242046674,18,2.11,14,0.9917772606362661,82,7,0.43719489694326713,65,1,13,0.9135545212725323,72.59819705763775,26.17889112389726,49873.04191240067,0.6323341090456007,317,0.03897215757953327,2770.7252775515517,1893.4829353486637,0.4771948969432671,10,19,69,0.16,110,207,42,20,92,12.756057928756574,68,Y
14,26,16,3,6,38,14,0.21099581942836668,18,2.11,14,0.9920334445730664,82,7,0.43697073599856684,65,1,13,0.9140668891461329,72.62442388816767,26.15026256895983,49778.673260912095,0.6319498331404003,317,0.0390041805716333,2765.48256935391,1892.2765011442868,0.4769707359985669,10,19,69,0.16,110,207,42,19,92,12.768642964651889,68,Y
0,5,4,0,1,6,3,0.2559721748727921,2,3.0,2,0.7910765190998216,14,3,1.0,12,2,3,1.0,22.351728044840648,17.91136579598174,7179.806441680926,0.13201391256360392,78,0.06,398.8753778067014,400.591082755912,1.0,2,3,13,0.20431710200912875,27,51,14,19,15,9.831135056307998,12,Y
1,4,5,0,1,6,2,0.33,3,2.0,2,1.0,15,1,0.0,8,1,2,0.9152425522378248,26.45389754568581,8.195148955243504,1997.8708448681004,0.07034178746292205,50,0.12965821253707796,110.9898490931366,220.8586862567776,0.4152425522378248,1,3,14,0.20982910626853898,16,34,10,10,13,9.970866154742287,8,Y
10,17,17,0,5,17,10,0.17349209574612662,8,2.0,9,0.8323814361918992,64,3,0.32539521269366956,61,0,8,0.8079367659690129,104.77592636409341,18.5825456172873,36539.51067473844,0.6493656276841523,314,0.05650790425387339,2029.9738205327494,1954.4022782651507,0.38888730843979624,4,8,55,0.1304762872383798,113,201,55,18,79,9.537584019706504,62,Y
1,8,7,0,0,10,4,0.2539919667050354,3,3.0,4,1.0,27,4,1.0,17,1,4,1.0,33.15395678292988,17.054547092102325,9299.219701214837,0.18644265926778564,108,0.06274044321129761,516.625036832649,552.4563318203652,1.0,3,5,24,0.2120684210146545,36,72,17,16,20,8.065367592248359,17,Y
11,38,18,8,10,57,21,0.18382661559715463,27,2.06279771819668,18,0.8445665389928866,139,13,0.6010638741682267,105,0,18,0.8445665389928866,80.90168928417447,43.38845019967303,152930.4959983282,1.1712828946374643,559,0.02,8496.140701259003,3517.0494404928304,0.6172372585710721,14,28,119,0.15485551299762884,180,379,51,25,138,15.050515491653565,113,Y
7,11,19,1,0,18,6,0.1124204933308371,9,2.012420493330837,6,1.0,52,3,0.4920960496985582,49,0,5,0.8146787648455348,88.23660155674216,20.04393182532111,35327.792106362365,0.5845165430293953,288,0.04887086424265118,1962.6566582272694,1759.0345039575511,0.5853212351544652,4,9,48,0.09790395030144178,111,176,50,18,60,3.3310824191425006,50,Y
7,8,9,0,1,5,5,0.15100622270711883,2,2.0,4,0.7889937772928812,33,1,0.1254709388611544,37,0,4,0.7889937772928812,65.4949739298678,18.259757445456113,20709.000554616472,0.38320746724854254,202,0.05660373362427129,1150.4976758096,1145.6955448678914,0.29465351528122175,1,2,30,0.11440248908284753,77,124,34,16,47,3.5924310916035793,37,Y
7,19,8,0,2,30,10,0.26198601276931466,13,2.192609493846286,9,0.8385218987692573,51,4,0.24397202553862934,39,0,8,0.7935796835384572,42.956757583067954,24.802789055234246,25298.3484042253,0.3443187341538285,189,0.04357968353845712,1405.464390428132,1028.7569415121009,0.3476672786154862,8,15,43,0.19988443046160032,65,123,24,18,52,6.831216715081622,40,Y
11,23,16,0,5,37,12,0.22420699824975243,17,2.1428145863480688,11,0.9124274031504457,76,7,0.5042069982497525,57,2,9,0.7615860035004951,65.63031264177762,33.53950127478887,73969.50645001915,0.7290618045506436,346,0.030841399649950488,4109.419293967711,2198.4557115474945,0.5433655985998019,9,18,65,0.16336559859980196,123,222,52,28,77,8.979262904314755,57,Y
0,5,7,0,1,6,3,0.19939544569135365,2,3.0,2,0.9466625243487775,17,3,1.0,15,1,3,1.0,26.543120731698885,17.977371980026753,8584.35674670216,0.1603022771543232,93,0.06,476.9088315302005,477.3468453453969,1.0,2,3,16,0.17131400998662297,30,62,15,18,18,10.78350999752888,15,Y
1,3,5,0,0,4,2,0.18405783245891683,2,2.0,2,1.0,10,1,0.0,9,1,2,1.0,24.712197398213597,13.828691599423319,4711.062282529919,0.11695662565581237,69,0.07,261.72606884197637,341.1376389378009,0.5,1,2,10,0.14304337434418762,23,45,13,16,13,9.182315688440358,10,Y
18,26,15,2,10,26,15,0.1778714188068082,12,2.039357094034041,10,0.6865856068748901,88,3,0.17317121374978045,86,0,11,0.7418071282102123,82.34378447410424,36.26496998340762,107089.49886744593,0.9916072649148975,464,0.03,5949.419854542817,2967.4477123699444,0.227428376136164,6,13,74,0.1318071282102123,169,295,58,24,120,12.142345161593264,88,Y
18,24,16,2,11,16,15,0.17018394103233261,8,2.000919705161663,9,0.6020233513556585,83,1,0.004046702711317045,86,0,11,0.7302759115484989,92.61425478080365,35.12722327278522,114239.35288376358,1.0877007370958427,494,0.03,6346.635674888859,3252.7338563196213,0.07367882064665186,4,8,70,0.12027591154849888,188,305,69,25,121,13.956589916369508,88,Y
4,5,9,0,0,7,3,0.23202943085732064,3,2.0,3,0.974632114283492,20,1,0.0,12,0,2,0.9492642285669839,44.19823003867127,10.594577147462262,4847.716332165884,0.15594113828535872,91,0.09695585371401905,269.31308136693013,461.2182555829565,0.32188227657071744,1,3,19,0.14710300800062226,32,58,20,13,20,12.839971652444401,13,Y
8,9,16,0,5,6,6,0.09663501769108056,3,2.0,5,0.7545043454300193,46,1,0.0,71,1,6,0.9203797877070333,128.7507966058157,18.324439971193637,43087.28453100391,0.7799050530732416,363,0.053364982308919444,2393.7370947829095,2348.859180792195,0.1535548761624361,1,3,41,0.08,149,214,70,17,89,6.787623097975411,71,Y
1,5,5,0,6,8,3,0.2501012316769244,4,2.0,3,1.0,14,1,0.0,11,0,2,0.9983296773307478,29.096861818015345,10.494938416153781,3204.8197984210206,0.09994938416153781,64,0.1000506158384622,178.05051623681308,305.3527433337054,0.33,2,4,13,0.13025307919231094,20,43,12,12,22,36.76200099292977,11,Y
4,7,7,0,1,7,4,0.21356767794330006,3,2.0,4,1.0,25,1,0.0,20,0,4,1.0,50.65128573284747,9.321026108913518,4115.61971417869,0.15356767794330006,87,0.11195959742912506,228.6414330546573,450.8301611634659,0.2482424154252496,1,3,22,0.15678383897165002,29,58,21,13,28,8.175280776045074,21,Y
0,5,8,0,0,7,3,0.19097467578733174,3,2.4512662106334138,3,1.0,19,1,0.4512662106334139,15,1,3,1.0,36.474399059394756,14.23568620494522,7052.116739782503,0.16451266210633414,97,0.07646201368099759,391.7841550239404,493.01456448628824,0.6323483611243874,2,3,18,0.16548733789366588,35,61,18,14,18,5.013567600137228,15,Y
2,7,6,0,4,10,4,0.29610847174619626,5,2.0,4,1.0,21,1,0.0,15,0,3,0.8270262005768267,37.05099298148973,10.569523497031934,3868.271802937633,0.12540524011536533,75,0.09924314406921919,214.89937343831164,374.4595413201388,0.23459475988463466,2,5,19,0.1807568559307808,25,50,16,13,24,22.81347618260056,15,Y
2,3,6,0,2,5,2,0.20436271183481797,2,2.0,2,1.0,12,1,0.0,10,1,2,1.0,26.687743339840377,12.592795643003349,4231.537902842752,0.11303922519005201,68,0.080441162214922,235.0875414412218,333.47305958228145,0.4408334141154421,1,2,12,0.136519612595026,22,45,13,14,17,18.748075048802836,11,Y
13,23,16,3,6,31,13,0.18533037595933843,14,2.0853303759593382,12,0.9170203554995928,74,5,0.33356419693195927,68,1,12,0.918786534526972,84.63328123517654,23.916626836331247,46607.97702830683,0.6581257826082951,325,0.0422426930946056,2589.3324880896516,1971.790453755804,0.39374843478340965,8,15,62,0.14205845524315522,118,207,47,18,95,12.50289092328056,72,Y
