wmc,dit,noc,cbo,rfc,lcom,ca,ce,npm,lcom3,loc,dam,moa,mfa,cam,ic,cbm,amc,max_cc,avg_cc,bug
0.1111111111111111,0.0,0.0,0.08108108108108109,0.1090909090909091,0.004940014114326041,0.0,0.16666666666666666,0.09259259259259259,0.375,0.05552896122546673,1.0,0.2,0.0,0.28575184077511184,0.0,0.0,0.3061425753412447,0.08823529411764705,0.19048333333333334,0
0.2222222222222222,0.0,0.0,0.013513513513513514,0.09696969696969697,0.04516584333098095,0.0,0.027777777777777776,0.2037037037037037,0.4583333335,0.05552896122546673,1.0,0.0,0.0,0.39274448021212527,0.0,0.0,0.15084964347516985,0.08823529411764705,0.23076666666666668,0
0.1111111111111111,0.75,0.17391304347826086,0.6486486486486487,0.06666666666666667,0.013408609738884969,0.6619718309859155,0.027777777777777776,0.09259259259259259,0.472222222,0.0205840114887506,0.333333333,0.0,0.866666667,0.3891298631233887,0.0,0.0,0.09819667512509539,0.029411764705882353,0.04761666666666667,0
0.05555555555555555,0.0,0.0,0.05405405405405406,0.01818181818181818,0.004234297812279464,0.028169014084507043,0.05555555555555555,0.05555555555555555,1.0,0.0014360938247965534,0.0,0.0,0.0,1.0,0.0,0.0,0.0,0.029411764705882353,0.16666666666666666,0
0.05555555555555555,1.0,0.0,0.02702702702702703,0.04242424242424243,0.004234297812279464,0.014084507042253521,0.027777777777777776,0.05555555555555555,1.0,0.009095260890378171,0.0,0.0,1.0,0.6240799163754948,0.0,0.0,0.0808678501053982,0.0,0.0,0
0.037037037037037035,0.0,0.0,0.10810810810810811,0.0787878787878788,0.002117148906139732,0.04225352112676056,0.1388888888888889,0.037037037037037035,1.0,0.040210627094303494,0.0,0.0,0.0,0.4361198739993619,0.0,0.0,0.5525969756528311,0.2647058823529412,0.55555,0
0.07407407407407407,0.0,0.0,0.02702702702702703,0.0303030303030303,0.004234297812279464,0.014084507042253521,0.027777777777777776,0.07407407407407407,0.4583333335,0.011488750598372427,1.0,0.1,0.0,0.3985278659752395,0.0,0.0,0.06873767258958846,0.029411764705882353,0.13333333333333333,0
0.16666666666666666,0.0,0.0,0.08108108108108109,0.1818181818181818,0.0007057163020465773,0.0,0.16666666666666666,0.14814814814814814,0.25,0.07419818094782192,1.0,0.1,0.0,0.27322117143373764,0.0,0.0,0.2911242603794335,0.029411764705882353,0.13333333333333333,1
0.14814814814814814,0.0,0.0,0.08108108108108109,0.048484848484848485,0.025405786873676783,0.04225352112676056,0.08333333333333333,0.14814814814814814,1.0,0.003829583532790809,0.0,0.0,0.0,0.35258207763836075,0.0,0.0,0.0,0.029411764705882353,0.16666666666666666,0
0.2592592592592593,0.0,0.0,0.08108108108108109,0.1090909090909091,0.05857445306986592,0.056338028169014086,0.05555555555555555,0.2592592592592593,0.4642857145,0.05840114887505983,1.0,0.2,0.0,0.1085323727645913,0.5,0.3333333333333333,0.1361275476706813,0.20588235294117646,0.2333333333333333,0
0.5370370370370371,0.0,0.0,0.013513513513513514,0.19999999999999998,0.2745236414961186,0.0,0.027777777777777776,0.5185185185185185,0.473354232,0.12685495452369555,1.0,0.0,0.0,0.3609358568233567,0.0,0.0,0.15162721894762163,0.08823529411764705,0.24444999999999997,0
0.6851851851851852,0.0,0.0,0.40540540540540543,0.9333333333333333,0.34227240649259,0.0,0.8333333333333333,0.611111111111111,0.4613022115,0.7482048827190043,1.0,0.7000000000000001,0.0,0.028225664785826082,0.0,0.0,0.8001660958116511,0.20588235294117646,0.24561666666666665,1
0.16666666666666666,0.0,0.0,0.05405405405405406,0.1090909090909091,0.0,0.028169014084507043,0.05555555555555555,0.16666666666666666,0.347222222,0.05457156534226902,1.0,0.30000000000000004,0.0,0.26695583619917046,0.5,0.3333333333333333,0.20419132151613043,0.14705882352941177,0.21666666666666667,0
0.037037037037037035,0.0,0.0,0.04054054054054054,0.048484848484848485,0.002117148906139732,0.0,0.08333333333333333,0.037037037037037035,1.0,0.018669219722355194,0.0,0.0,0.0,0.4361198739993619,0.0,0.0,0.2493425377575879,0.14705882352941177,0.3333333333333333,0
0.18518518518518517,0.0,0.0,0.10810810810810811,0.10303030303030303,0.009174311926605505,0.09859154929577466,0.027777777777777776,0.18518518518518517,0.3875,0.0617520344662518,1.0,0.1,0.0,0.19689800249942574,0.5,0.3333333333333333,0.21135915359266816,0.20588235294117646,0.22726666666666664,0
0.16666666666666666,0.0,0.043478260869565216,0.1891891891891892,0.16969696969696968,0.014820042342978124,0.07042253521126761,0.25,0.09259259259259259,0.388888889,0.07132599329822881,1.0,0.0,0.0,0.36845425887928535,0.0,0.0,0.27495069035835384,0.058823529411764705,0.19999999999999998,0
0.037037037037037035,0.75,0.0,0.04054054054054054,0.05454545454545455,0.002117148906139732,0.0,0.08333333333333333,0.037037037037037035,1.0,0.015318334131163236,0.0,0.0,0.965517241,0.8120399576238673,0.0,0.0,0.2021696252634955,0.029411764705882353,0.11111666666666666,0
0.6296296296296297,0.0,0.0,0.3918918918918919,0.7272727272727272,0.26323218066337334,0.0,0.8055555555555555,0.5555555555555556,0.455147059,0.597893729056965,1.0,0.5,0.0,0.05941004242558509,0.0,0.0,0.6902648633418861,0.14705882352941177,0.20476666666666665,0
0.2222222222222222,0.0,0.0,0.08108108108108109,0.20606060606060606,0.04516584333098095,0.0,0.16666666666666666,0.2222222222222222,0.46875,0.12111057922450932,1.0,0.0,0.0,0.16502366000973206,0.0,0.0,0.36235017444852047,0.058823529411764705,0.16666666666666666,0
0.0,0.75,0.0,0.02702702702702703,0.006060606060606061,0.0,0.0,0.05555555555555555,0.0,1.0,0.0014360938247965534,0.0,0.0,1.0,1.0,0.0,0.0,0.06065088757904864,0.0,0.0,0
0.1111111111111111,0.0,0.0,0.17567567567567569,0.03636363636363637,0.014820042342978124,0.18309859154929578,0.0,0.1111111111111111,1.0,0.0028721876495931067,0.0,0.0,0.0,0.3958427218199563,0.0,0.0,0.0,0.029411764705882353,0.16666666666666666,0
0.14814814814814814,0.0,0.0,0.08108108108108109,0.08484848484848485,0.0028228652081863093,0.08450704225352113,0.027777777777777776,0.14814814814814814,0.3958333335,0.04786979415988511,1.0,0.1,0.0,0.2794865055405446,0.5,0.3333333333333333,0.19992329609614742,0.20588235294117646,0.25926666666666665,0
0.31481481481481477,0.0,0.0,0.22972972972972974,0.27272727272727276,0.068454481298518,0.0,0.4722222222222222,0.2962962962962963,0.449197861,0.1321206318812829,1.0,0.4,0.0,0.11105956620225993,0.0,0.0,0.27854481707463147,0.08823529411764705,0.17593333333333333,1
0.12962962962962962,0.0,0.0,0.05405405405405406,0.08484848484848485,0.004234297812279464,0.056338028169014086,0.0,0.12962962962962962,0.404761905,0.038774533269506944,1.0,0.0,0.0,0.2599073346241625,0.5,0.3333333333333333,0.17942554242135225,0.1764705882352941,0.2708333333333333,0
0.05555555555555555,0.25,0.0,0.04054054054054054,0.03636363636363637,0.0028228652081863093,0.04225352112676056,0.0,0.018518518518518517,0.4833333335,0.05792245093346099,0.1,1.0,0.846153846,0.37346652616473086,0.5,0.3333333333333333,0.5458579882114378,0.029411764705882353,0.08333333333333333,0
0.07407407407407407,0.75,0.0,0.24324324324324326,0.2424242424242424,0.007057163020465773,0.0,0.5,0.05555555555555555,1.0,0.07467687888942078,0.0,0.0,0.933333333,0.4361198739993619,0.0,0.0,0.6145956608010262,0.3529411764705882,0.6,0
0.0,0.75,0.0,0.013513513513513514,0.006060606060606061,0.0,0.014084507042253521,0.0,0.0,1.0,0.0019147917663954045,0.0,0.0,1.0,1.0,0.0,0.0,0.0808678501053982,0.0,0.0,0
0.24074074074074073,0.0,0.0,0.10810810810810811,0.24848484848484845,0.019054340155257588,0.0,0.2222222222222222,0.2222222222222222,0.3846153845,0.13355672570607946,1.0,0.30000000000000004,0.0,0.1448850839200293,0.0,0.0,0.3769019441834681,0.029411764705882353,0.14284999999999998,1
0.037037037037037035,0.0,0.0,0.04054054054054054,0.024242424242424242,0.002117148906139732,0.0,0.08333333333333333,0.037037037037037035,1.0,0.006223073240785065,0.0,0.0,0.0,0.4361198739993619,0.0,0.0,0.074128862603354,0.029411764705882353,0.11111666666666666,1
0.0,0.75,0.0,0.02702702702702703,0.006060606060606061,0.0,0.0,0.05555555555555555,0.0,1.0,0.0014360938247965534,0.0,0.0,1.0,1.0,0.0,0.0,0.06065088757904864,0.0,0.0,0
0.0,0.0,0.0,0.04054054054054054,0.0,0.0,0.028169014084507043,0.027777777777777776,0.0,1.0,0.0,0.0,0.0,0.0,1.0,0.0,0.0,0.0,0.029411764705882353,0.16666666666666666,0
0.12962962962962962,0.0,0.0,0.06756756756756757,0.0787878787878788,0.0,0.04225352112676056,0.05555555555555555,0.12962962962962962,0.3333333335,0.05792245093346099,1.0,0.2,0.0,0.33039235037424225,0.5,0.3333333333333333,0.2805103550531,0.29411764705882354,0.35416666666666663,0
0.018518518518518517,0.0,0.0,0.05405405405405406,0.006060606060606061,0.0007057163020465773,0.028169014084507043,0.05555555555555555,0.018518518518518517,1.0,0.0004786979415988511,0.0,0.0,0.0,0.6240799163754948,0.0,0.0,0.0,0.029411764705882353,0.16666666666666666,0
0.07407407407407407,0.0,0.0,0.14864864864864866,0.15757575757575756,0.004234297812279464,0.0,0.3055555555555555,0.07407407407407407,0.375,0.06558161799904261,1.0,0.2,0.0,0.24815983162322913,0.0,0.0,0.5296844181903582,0.3235294117647059,0.4666666666666666,0
0.33333333333333337,0.0,0.0,0.16216216216216217,0.13333333333333333,0.09668313338038109,0.11267605633802817,0.1111111111111111,0.31481481481481477,0.473148148,0.11536620392532312,1.0,0.2,0.0,0.2899287298037297,0.0,0.0,0.20536177730518318,0.029411764705882353,0.14911666666666668,0
0.0,0.0,0.0,0.05405405405405406,0.0,0.0,0.014084507042253521,0.08333333333333333,0.0,1.0,0.0,0.0,0.0,0.0,1.0,0.0,0.0,0.0,0.029411764705882353,0.16666666666666666,0
0.31481481481481477,0.0,0.0,0.12162162162162163,0.22424242424242424,0.07268877911079746,0.08450704225352113,0.08333333333333333,0.2592592592592593,0.405882353,0.11393011010052656,1.0,0.2,0.0,0.1458874564039323,0.0,0.0,0.24260355031619457,0.1764705882352941,0.22221666666666665,0
0.14814814814814814,0.0,0.0,0.0945945945945946,0.048484848484848485,0.025405786873676783,0.056338028169014086,0.08333333333333333,0.14814814814814814,1.0,0.003829583532790809,0.0,0.0,0.0,0.19445696317844846,0.0,0.0,0.0,0.029411764705882353,0.16666666666666666,0
0.09259259259259259,0.75,0.0,0.14864864864864866,0.1515151515151515,0.01058574453069866,0.0,0.3055555555555555,0.05555555555555555,1.0,0.04882719004308281,0.0,0.0,0.918032787,0.4361198739993619,0.0,0.0,0.32684089424337426,0.1764705882352941,0.2777833333333333,0
0.037037037037037035,0.25,0.0,0.06756756756756757,0.06060606060606061,0.002117148906139732,0.056338028169014086,0.027777777777777776,0.037037037037037035,1.0,0.015318334131163236,0.0,0.0,0.882352941,0.49877322183399286,0.5,0.3333333333333333,0.2021696252634955,0.029411764705882353,0.11111666666666666,0
0.05555555555555555,0.25,0.0,0.05405405405405406,0.0787878787878788,0.0028228652081863093,0.0,0.1111111111111111,0.05555555555555555,0.3333333335,0.03207276208712302,1.0,0.0,0.8125,0.36563485824928216,0.5,0.3333333333333333,0.3184171597900054,0.11764705882352941,0.25,0
0.9999999999999999,0.0,0.0,1.0,0.3757575757575758,1.0,1.0,0.08333333333333333,0.9999999999999999,0.49002849,0.1517472474868358,1.0,0.5,0.0,0.0,0.5,0.3333333333333333,0.08711672942988652,0.1764705882352941,0.18181666666666665,0
0.40740740740740744,0.0,0.0,0.31081081081081086,0.393939393939394,0.1122088920254058,0.0,0.6388888888888888,0.37037037037037035,0.457792208,0.20966969842029679,1.0,0.6000000000000001,0.0,0.058979270714367926,0.0,0.0,0.3533573450345517,0.14705882352941177,0.21014999999999998,0
0.5,0.0,0.0,0.3648648648648649,0.16363636363636364,0.2667607621736062,0.3380281690140845,0.08333333333333333,0.5,1.0,0.01292484442316898,0.0,0.0,0.0,0.13001352036805558,0.0,0.0,0.0,0.029411764705882353,0.16666666666666666,0
0.05555555555555555,0.25,0.0,0.013513513513513514,0.05454545454545455,0.0028228652081863093,0.0,0.027777777777777776,0.05555555555555555,0.3333333335,0.022977501196744854,1.0,0.0,0.8125,0.36563485824928216,0.5,0.3333333333333333,0.22238658778984505,0.08823529411764705,0.20833333333333331,0
0.07407407407407407,0.5,0.0,0.013513513513513514,0.2424242424242424,0.0014114326040931546,0.0,0.027777777777777776,0.018518518518518517,0.4166666665,0.11249401627573001,1.0,0.0,0.888888889,0.26695583619917046,0.5,0.6666666666666666,0.9218934912015394,0.058823529411764705,0.13333333333333333,0
0.2037037037037037,0.0,0.0,0.08108108108108109,0.06666666666666667,0.0465772759350741,0.04225352112676056,0.08333333333333333,0.2037037037037037,1.0,0.005265677357587362,0.0,0.0,0.0,0.24815983162322913,0.0,0.0,0.0,0.029411764705882353,0.16666666666666666,0
0.2777777777777778,0.0,0.0,0.24324324324324326,0.13333333333333333,0.06916019760056458,0.2112676056338028,0.08333333333333333,0.2777777777777778,0.461904762,0.05792245093346099,1.0,0.30000000000000004,0.0,0.07488416828020308,0.5,0.3333333333333333,0.12509245563178784,0.1764705882352941,0.21875,0
0.037037037037037035,0.0,0.0,0.02702702702702703,0.024242424242424242,0.002117148906139732,0.0,0.05555555555555555,0.037037037037037035,1.0,0.004786979415988511,0.0,0.0,0.0,0.4361198739993619,0.0,0.0,0.05391190007700445,0.029411764705882353,0.11111666666666666,1
0.018518518518518517,0.0,0.0,0.013513513513513514,0.0303030303030303,0.0007057163020465773,0.014084507042253521,0.0,0.018518518518518517,1.0,0.009095260890378171,0.0,0.0,0.0,0.4361198739993619,0.0,0.0,0.18195266273714594,0.029411764705882353,0.08333333333333333,0
0.018518518518518517,0.0,0.0,0.06756756756756757,0.006060606060606061,0.0007057163020465773,0.04225352112676056,0.05555555555555555,0.018518518518518517,1.0,0.0004786979415988511,0.0,0.0,0.0,1.0,0.0,0.0,0.0,0.029411764705882353,0.16666666666666666,0
0.05555555555555555,0.25,0.0,0.05405405405405406,0.0787878787878788,0.0028228652081863093,0.014084507042253521,0.1111111111111111,0.05555555555555555,0.3333333335,0.03446625179511728,1.0,0.0,0.8125,0.36563485824928216,0.5,0.3333333333333333,0.3436883629479423,0.11764705882352941,0.25,0
0.37037037037037035,0.0,0.0,0.05405405405405406,0.14545454545454545,0.12844036697247707,0.056338028169014086,0.0,0.37037037037037035,0.475,0.07276208712302537,1.0,0.0,0.0,0.1100667402088901,0.5,0.3333333333333333,0.11745092516270546,0.20588235294117646,0.21428333333333333,0
0.4444444444444444,0.0,0.0,0.17567567567567569,0.44242424242424244,0.0,0.0,0.3611111111111111,0.40740740740740744,0.222222222,0.430828147438966,1.0,0.2,0.0,0.10291798187523946,0.0,0.0,0.7059763314201263,0.029411764705882353,0.15333333333333332,1
0.2222222222222222,0.0,0.0,0.2567567567567568,0.33333333333333337,0.038108680310515175,0.0,0.5277777777777778,0.18518518518518517,0.449074074,0.1067496409765438,1.0,0.4,0.0,0.06742902229680922,0.0,0.0,0.3141404946713037,0.11764705882352941,0.19229999999999997,1
0.24074074074074073,0.25,0.0,0.05405405405405406,0.1212121212121212,0.03881439661256175,0.028169014084507043,0.05555555555555555,0.24074074074074073,0.423076923,0.07659167065581618,0.0,0.0,0.409090909,0.4092684392130914,1.0,0.6666666666666666,0.20361369398649623,0.38235294117647056,0.29761666666666664,0
0.05555555555555555,0.0,0.0,0.06756756756756757,0.01818181818181818,0.004234297812279464,0.056338028169014086,0.027777777777777776,0.05555555555555555,1.0,0.0014360938247965534,0.0,0.0,0.0,0.37973186139929815,0.0,0.0,0.0,0.029411764705882353,0.16666666666666666,0
0.0,0.0,0.0,0.013513513513513514,0.006060606060606061,0.0,0.0,0.027777777777777776,0.0,1.0,0.0028721876495931067,1.0,0.1,0.0,1.0,0.0,0.0,0.06065088757904864,0.0,0.0,0
0.037037037037037035,0.0,0.0,0.04054054054054054,0.024242424242424242,0.002117148906139732,0.0,0.08333333333333333,0.037037037037037035,1.0,0.006223073240785065,0.0,0.0,0.0,0.4361198739993619,0.0,0.0,0.074128862603354,0.029411764705882353,0.11111666666666666,0
0.0,0.75,0.0,0.02702702702702703,0.006060606060606061,0.0,0.0,0.05555555555555555,0.0,1.0,0.0014360938247965534,0.0,0.0,1.0,1.0,0.0,0.0,0.06065088757904864,0.0,0.0,0
0.09259259259259259,0.0,0.0,0.02702702702702703,0.0303030303030303,0.01058574453069866,0.028169014084507043,0.0,0.09259259259259259,1.0,0.0023934897079942556,0.0,0.0,0.0,0.9060199793758138,0.0,0.0,0.0,0.029411764705882353,0.16666666666666666,0
0.037037037037037035,0.75,0.0,0.14864864864864866,0.1212121212121212,0.002117148906139732,0.0,0.3055555555555555,0.037037037037037035,1.0,0.03446625179511728,0.0,0.0,0.965517241,0.8120399576238673,0.0,0.0,0.4717291255474329,0.08823529411764705,0.22221666666666665,0
0.2222222222222222,0.0,0.0,0.10810810810810811,0.07272727272727272,0.05504587155963303,0.028169014084507043,0.16666666666666666,0.2222222222222222,1.0,0.0057443752991862135,0.0,0.0,0.0,0.2409305997012764,0.0,0.0,0.0,0.029411764705882353,0.16666666666666666,0
0.2037037037037037,0.0,0.0,0.04054054054054054,0.12727272727272726,0.02117148906139732,0.014084507042253521,0.08333333333333333,0.2037037037037037,0.3484848485,0.058879846816658685,1.0,0.1,0.0,0.1855064849163583,0.5,0.3333333333333333,0.18363740960760275,0.20588235294117646,0.23611666666666667,0
0.018518518518518517,0.75,0.0,0.06756756756756757,0.05454545454545455,0.0007057163020465773,0.0,0.1388888888888889,0.018518518518518517,1.0,0.015797032072762087,0.0,0.0,0.98245614,0.7180599369996811,0.0,0.0,0.3234714004215928,0.029411764705882353,0.08333333333333333,0
0.018518518518518517,0.25,0.0,0.02702702702702703,0.024242424242424242,0.0007057163020465773,0.014084507042253521,0.027777777777777776,0.018518518518518517,1.0,0.004786979415988511,0.0,0.0,0.9375,0.7180599369996811,0.5,0.3333333333333333,0.09097633136857297,0.029411764705882353,0.08333333333333333,0
0.037037037037037035,0.0,0.0,0.08108108108108109,0.01212121212121212,0.002117148906139732,0.08450704225352113,0.0,0.037037037037037035,1.0,0.0009573958831977022,0.0,0.0,0.0,0.6240799163754948,0.0,0.0,0.0,0.029411764705882353,0.16666666666666666,0
0.07407407407407407,0.0,0.0,0.08108108108108109,0.13939393939393938,0.0056457304163726185,0.028169014084507043,0.1111111111111111,0.05555555555555555,0.4375,0.056007659167065585,0.5,0.0,0.0,0.3421398533751756,0.0,0.0,0.4407297830744202,0.058823529411764705,0.16666666666666666,0
0.037037037037037035,0.0,0.0,0.0945945945945946,0.01212121212121212,0.002117148906139732,0.056338028169014086,0.08333333333333333,0.037037037037037035,1.0,0.0009573958831977022,0.0,0.0,0.0,0.5300998946235482,0.0,0.0,0.0,0.029411764705882353,0.16666666666666666,0
0.018518518518518517,0.25,0.0,0.04054054054054054,0.0303030303030303,0.0007057163020465773,0.028169014084507043,0.027777777777777776,0.018518518518518517,1.0,0.009573958831977022,0.0,0.0,0.9375,0.7180599369996811,0.5,0.3333333333333333,0.1920611440003207,0.08823529411764705,0.25,1
0.1111111111111111,0.0,0.0,0.04054054054054054,0.06060606060606061,0.011997177134791814,0.0,0.08333333333333333,0.09259259259259259,0.3333333335,0.028721876495931067,1.0,0.0,0.0,0.4831098848753351,0.0,0.0,0.15018315020440393,0.029411764705882353,0.11905,0
0.018518518518518517,0.0,0.0,0.04054054054054054,0.006060606060606061,0.0007057163020465773,0.028169014084507043,0.027777777777777776,0.018518518518518517,1.0,0.0004786979415988511,0.0,0.0,0.0,1.0,0.0,0.0,0.0,0.029411764705882353,0.16666666666666666,0
0.16666666666666666,0.0,0.0,0.08108108108108109,0.05454545454545455,0.03175723359209598,0.028169014084507043,0.1111111111111111,0.16666666666666666,1.0,0.00430828147438966,0.0,0.0,0.0,0.3233438487992343,0.0,0.0,0.0,0.029411764705882353,0.16666666666666666,0
0.12962962962962962,0.0,0.0,0.21621621621621623,0.1212121212121212,0.009880028228652082,0.18309859154929578,0.08333333333333333,0.12962962962962962,0.404761905,0.05265677357587362,1.0,0.0,0.0,0.2599073346241625,0.5,0.3333333333333333,0.25271203157936933,0.20588235294117646,0.3125,1
0.1111111111111111,0.0,0.0,0.013513513513513514,0.06060606060606061,0.01058574453069866,0.0,0.027777777777777776,0.09259259259259259,0.4166666665,0.026807084729535663,1.0,0.0,0.0,0.35556557076831086,0.0,0.0,0.13574246267114212,0.08823529411764705,0.19048333333333334,0
0.5,0.0,0.0,0.33783783783783783,0.5515151515151515,0.1679604798870854,0.0,0.6944444444444444,0.4814814814814815,0.460493827,0.23264719961704164,0.933333333,0.7000000000000001,0.0,0.030961561535730098,0.0,0.0,0.3205832629755913,0.14705882352941177,0.20833333333333331,0
0.4629629629629629,0.0,0.0,0.10810810810810811,0.19393939393939394,0.20112914608327453,0.07042253521126761,0.08333333333333333,0.4629629629629629,0.4783333335,0.08185734801340354,1.0,0.4,0.0,0.02208201939349083,0.5,0.3333333333333333,0.10419511456198875,0.1764705882352941,0.19871666666666665,0
0.4444444444444444,0.0,0.0,0.35135135135135137,0.5939393939393939,0.15666901905434016,0.0,0.7222222222222222,0.38888888888888884,0.4680555555,0.312111057922451,1.0,0.6000000000000001,0.0,0.015973897321333363,0.0,0.0,0.4957199211460909,0.20588235294117646,0.3133333333333333,0
0.31481481481481477,0.0,0.0,0.2972972972972973,0.5515151515151515,0.0,0.11267605633802817,0.38888888888888884,0.2962962962962963,0.454751131,0.30732407850646243,1.0,0.0,0.0,0.21499041324278706,0.0,0.0,0.6873767258958846,0.2647058823529412,0.6574,0
0.037037037037037035,0.0,0.0,0.08108108108108109,0.12727272727272726,0.002117148906139732,0.014084507042253521,0.1388888888888889,0.037037037037037035,1.0,0.061273336524652944,0.0,0.0,0.0,0.4361198739993619,0.0,0.0,0.849112426106681,0.5,1.0,0
0.14814814814814814,0.0,0.0,0.10810810810810811,0.19393939393939394,0.0,0.0,0.2222222222222222,0.12962962962962962,0.25,0.17280995691718526,1.0,0.30000000000000004,0.0,0.2951498424992024,0.0,0.0,0.7839688802333702,0.029411764705882353,0.12963333333333332,0
0.12962962962962962,0.0,0.0,0.06756756756756757,0.08484848484848485,0.004234297812279464,0.056338028169014086,0.027777777777777776,0.12962962962962962,0.404761905,0.03350885591191957,1.0,0.1,0.0,0.2599073346241625,0.5,0.3333333333333333,0.15162721894762163,0.1764705882352941,0.25,0
0.5555555555555556,0.0,0.0,0.14864864864864866,0.20606060606060606,0.3013408609738885,0.1267605633802817,0.05555555555555555,0.5555555555555556,0.488888889,0.09813307802776447,0.833333333,0.4,0.0,0.03958481790518156,0.5,0.3333333333333333,0.10238913279408589,0.20588235294117646,0.19891666666666666,0
0.1111111111111111,0.0,0.0,0.02702702702702703,0.11515151515151516,0.0,0.014084507042253521,0.027777777777777776,0.1111111111111111,0.3055555555,0.04547630445189085,1.0,0.0,0.0,0.3152884185889052,0.0,0.0,0.24837982541036716,0.08823529411764705,0.19048333333333334,0
0.037037037037037035,0.0,0.0,0.04054054054054054,0.024242424242424242,0.002117148906139732,0.0,0.08333333333333333,0.037037037037037035,1.0,0.006223073240785065,0.0,0.0,0.0,0.4361198739993619,0.0,0.0,0.074128862603354,0.029411764705882353,0.11111666666666666,0
0.018518518518518517,0.75,0.0,0.06756756756756757,0.05454545454545455,0.0007057163020465773,0.0,0.1388888888888889,0.018518518518518517,1.0,0.016275730014360938,0.0,0.0,0.98245614,0.7180599369996811,0.0,0.0,0.33357988168476754,0.029411764705882353,0.08333333333333333,0
0.018518518518518517,0.0,0.0,0.02702702702702703,0.01212121212121212,0.0007057163020465773,0.0,0.05555555555555555,0.018518518518518517,0.5,0.00430828147438966,1.0,0.1,0.0,0.7180599369996811,0.0,0.0,0.07075936884222342,0.029411764705882353,0.08333333333333333,0
0.1111111111111111,0.0,0.0,0.05405405405405406,0.03636363636363637,0.014820042342978124,0.028169014084507043,0.05555555555555555,0.1111111111111111,1.0,0.0028721876495931067,0.0,0.0,0.0,0.2750112664094995,0.0,0.0,0.0,0.029411764705882353,0.16666666666666666,1
0.05555555555555555,0.0,0.0,0.02702702702702703,0.01818181818181818,0.004234297812279464,0.028169014084507043,0.0,0.05555555555555555,1.0,0.0014360938247965534,0.0,0.0,0.0,0.8590299684998406,0.0,0.0,0.0,0.029411764705882353,0.16666666666666666,0
0.38888888888888884,0.0,0.0,0.21621621621621623,0.6848484848484848,0.11644318983768526,0.0,0.4444444444444444,0.18518518518518517,0.449404762,0.3566299664911441,1.0,0.30000000000000004,0.0,0.029768164509302086,0.0,0.0,0.6579702350403625,0.14705882352941177,0.19696666666666665,1
0.37037037037037035,0.0,0.0,0.04054054054054054,0.13939393939393938,0.12985179957657023,0.04225352112676056,0.0,0.37037037037037035,0.475,0.053614169459071326,1.0,0.0,0.0,0.2750112664094995,0.0,0.0,0.07894242510770227,0.029411764705882353,0.15873333333333334,0
0.037037037037037035,0.0,0.0,0.05405405405405406,0.01212121212121212,0.002117148906139732,0.04225352112676056,0.027777777777777776,0.037037037037037035,1.0,0.0009573958831977022,0.0,0.0,0.0,1.0,0.0,0.0,0.0,0.029411764705882353,0.16666666666666666,0
0.2777777777777778,0.75,0.0,0.28378378378378377,0.33333333333333337,0.05504587155963303,0.0,0.5833333333333333,0.24074074074074073,1.0,0.26998563906175205,0.0,0.0,0.788732394,0.22466482674912258,0.0,0.0,0.6936945266853689,0.14705882352941177,0.35416666666666663,0
0.4629629629629629,0.0,0.0,0.14864864864864866,0.3878787878787879,0.0,0.0,0.3055555555555555,0.42592592592592593,0.28,0.3197702249880326,1.0,0.2,0.0,0.21307395724182943,0.0,0.0,0.49764830843422103,0.029411764705882353,0.15385,0
0.07407407407407407,0.0,0.0,0.06756756756756757,0.05454545454545455,0.0028228652081863093,0.0,0.1388888888888889,0.05555555555555555,0.375,0.013403542364767831,1.0,0.1,0.0,0.36563485824928216,0.0,0.0,0.08895463511593803,0.029411764705882353,0.09999999999999999,0
0.018518518518518517,0.75,0.0,0.16216216216216217,0.0787878787878788,0.0007057163020465773,0.0,0.3333333333333333,0.018518518518518517,1.0,0.014360938247965534,0.0,0.0,0.98245614,0.7180599369996811,0.0,0.0,0.29314595663206844,0.029411764705882353,0.08333333333333333,0
0.16666666666666666,0.0,0.0,0.0945945945945946,0.16363636363636364,0.009174311926605505,0.0,0.19444444444444442,0.14814814814814814,0.388888889,0.057443752991862135,1.0,0.2,0.0,0.2302588750990488,0.0,0.0,0.21429980277930522,0.029411764705882353,0.13333333333333333,0
0.07407407407407407,0.0,0.0,0.04054054054054054,0.024242424242424242,0.007057163020465773,0.04225352112676056,0.0,0.07407407407407407,1.0,0.0019147917663954045,0.0,0.0,0.0,0.47371188202348435,0.0,0.0,0.0,0.029411764705882353,0.16666666666666666,0
0.2777777777777778,0.0,0.0,0.06756756756756757,0.13939393939393938,0.06069160197600565,0.04225352112676056,0.05555555555555555,0.2777777777777778,0.457142857,0.059837242699856394,1.0,0.2,0.0,0.07488416828020308,0.5,0.3333333333333333,0.13014669626337522,0.1764705882352941,0.21875,0
0.07407407407407407,0.0,0.0,0.0945945945945946,0.09090909090909091,0.004234297812279464,0.056338028169014086,0.08333333333333333,0.07407407407407407,0.375,0.03733843944471038,1.0,0.0,0.0,0.24815983162322913,0.0,0.0,0.2911242603794335,0.20588235294117646,0.3333333333333333,0
0.09259259259259259,0.0,0.0,0.10810810810810811,0.0303030303030303,0.01058574453069866,0.04225352112676056,0.1388888888888889,0.09259259259259259,1.0,0.0023934897079942556,0.0,0.0,0.0,0.38241700442682103,0.0,0.0,0.0,0.029411764705882353,0.16666666666666666,0
0.05555555555555555,0.0,0.0,0.14864864864864866,0.09696969696969697,0.0028228652081863093,0.028169014084507043,0.25,0.05555555555555555,0.3333333335,0.034944949736716135,1.0,0.1,0.0,0.4361198739993619,0.0,0.0,0.34874260357952974,0.1764705882352941,0.3333333333333333,0
0.037037037037037035,0.0,0.0,0.02702702702702703,0.1090909090909091,0.0007057163020465773,0.0,0.05555555555555555,0.037037037037037035,0.5,0.034944949736716135,0.5,0.0,0.0,0.4361198739993619,0.0,0.0,0.4649901381060396,0.029411764705882353,0.11111666666666666,0
0.40740740740740744,0.0,0.0,0.06756756756756757,0.13939393939393938,0.16302046577275936,0.07042253521126761,0.0,0.40740740740740744,0.4772727275,0.05409286740067018,1.0,0.0,0.0,0.20566451825368892,0.0,0.0,0.07031986966565798,0.029411764705882353,0.15941666666666665,0
0.0,0.0,0.0,0.04054054054054054,0.0,0.0,0.028169014084507043,0.027777777777777776,0.0,1.0,0.0,0.0,0.0,0.0,1.0,0.0,0.0,0.0,0.029411764705882353,0.16666666666666666,0
0.0,0.5,0.0,0.0,0.006060606060606061,0.0,0.0,0.0,0.0,1.0,0.0019147917663954045,0.0,0.0,1.0,1.0,0.0,0.0,0.0808678501053982,0.0,0.0,0
0.07407407407407407,0.0,0.0,0.05405405405405406,0.07272727272727272,0.0,0.04225352112676056,0.027777777777777776,0.07407407407407407,0.0,0.01771182383915749,1.0,0.0,0.0,0.47371188202348435,0.0,0.0,0.12938856016863712,0.029411764705882353,0.13333333333333333,1
0.33333333333333337,0.0,0.0,0.013513513513513514,0.13333333333333333,0.10515172900494002,0.0,0.027777777777777776,0.31481481481481477,0.472222222,0.0842508377213978,1.0,0.0,0.0,0.40644197316510955,0.0,0.0,0.15641544690906836,0.08823529411764705,0.24561666666666665,0
0.2222222222222222,0.0,0.0,0.08108108108108109,0.0787878787878788,0.029640084685956247,0.07042253521126761,0.027777777777777776,0.2222222222222222,0.4166666665,0.038774533269506944,1.0,0.1,0.0,0.2712933758034462,0.0,0.0,0.09797451070150674,0.029411764705882353,0.15385,0
0.38888888888888884,0.0,0.0,0.24324324324324326,0.4303030303030303,0.033168666196189134,0.0,0.5,0.2777777777777778,0.3333333335,0.3245572044040211,1.0,0.30000000000000004,0.0,0.07465825421876193,0.0,0.0,0.5991572531271483,0.08823529411764705,0.18181666666666665,1
0.07407407407407407,0.0,0.0,0.06756756756756757,0.10303030303030303,0.004234297812279464,0.0,0.1388888888888889,0.05555555555555555,0.25,0.03446625179511728,1.0,0.1,0.0,0.5300998946235482,0.0,0.0,0.266863905347814,0.029411764705882353,0.09999999999999999,0
0.0,0.75,0.0,0.02702702702702703,0.006060606060606061,0.0,0.0,0.05555555555555555,0.0,1.0,0.0014360938247965534,0.0,0.0,1.0,1.0,0.0,0.0,0.06065088757904864,0.0,0.0,0
0.16666666666666666,0.0,0.0,0.08108108108108109,0.10303030303030303,0.02328863796753705,0.0,0.16666666666666666,0.14814814814814814,0.4523809525,0.0440402106270943,1.0,0.30000000000000004,0.0,0.17655600665426824,0.0,0.0,0.15364891520025656,0.029411764705882353,0.13333333333333333,0
0.09259259259259259,0.0,0.0,0.06756756756756757,0.08484848484848485,0.006351446718419196,0.0,0.1388888888888889,0.07407407407407407,0.1,0.04116802297750119,1.0,0.1,0.0,0.4361198739993619,0.0,0.0,0.26955950028393744,0.11764705882352941,0.2777833333333333,0
0.2222222222222222,0.5,0.0,0.0945945945945946,0.18787878787878787,0.028228652081863093,0.0,0.19444444444444442,0.18518518518518517,0.4322916665,0.08855911919578746,1.0,0.1,0.657142857,0.39274448021212527,1.0,0.6666666666666666,0.2565999089416282,0.11764705882352941,0.19229999999999997,0
0.0,0.75,0.0,0.02702702702702703,0.006060606060606061,0.0,0.0,0.05555555555555555,0.0,1.0,0.0014360938247965534,0.0,0.0,1.0,1.0,0.0,0.0,0.06065088757904864,0.0,0.0,0
0.12962962962962962,0.0,0.0,0.04054054054054054,0.0787878787878788,0.0,0.014084507042253521,0.05555555555555555,0.12962962962962962,0.3333333335,0.05792245093346099,1.0,0.2,0.0,0.33039235037424225,0.5,0.3333333333333333,0.2805103550531,0.29411764705882354,0.35416666666666663,0
0.1111111111111111,0.0,0.0,0.05405405405405406,0.06666666666666667,0.0007057163020465773,0.04225352112676056,0.027777777777777776,0.1111111111111111,0.222222222,0.040210627094303494,1.0,0.0,0.0,0.516674177230413,0.0,0.0,0.2166103126956725,0.11764705882352941,0.19048333333333334,0
0.05555555555555555,0.25,0.0,0.02702702702702703,0.06060606060606061,0.0028228652081863093,0.0,0.05555555555555555,0.05555555555555555,0.3333333335,0.023934897079942556,1.0,0.0,0.8125,0.36563485824928216,0.5,0.3333333333333333,0.2324950690530198,0.11764705882352941,0.25,0
0.018518518518518517,0.0,0.0,0.02702702702702703,0.006060606060606061,0.0007057163020465773,0.028169014084507043,0.0,0.018518518518518517,1.0,0.0004786979415988511,0.0,0.0,0.0,0.7180599369996811,0.0,0.0,0.0,0.029411764705882353,0.16666666666666666,0
0.09259259259259259,0.75,0.0,0.0945945945945946,0.13333333333333333,0.009174311926605505,0.0,0.19444444444444442,0.09259259259259259,0.4,0.07802776448061273,1.0,0.0,0.918032787,0.31081317945786013,0.5,0.6666666666666666,0.5290105195068697,0.08823529411764705,0.19445,0
0.42592592592592593,0.0,0.0,0.12162162162162163,0.19393939393939394,0.1679604798870854,0.09859154929577466,0.05555555555555555,0.42592592592592593,0.483277592,0.07898516036381042,0.846153846,0.2,0.0,0.07782104431237646,0.5,0.3333333333333333,0.10866617357912882,0.1764705882352941,0.2013833333333333,0
0.18518518518518517,0.0,0.0,0.08108108108108109,0.2606060606060606,0.0374029640084686,0.0,0.16666666666666666,0.18518518518518517,0.45,0.08568693154619435,1.0,0.0,0.0,0.4873817031231653,0.0,0.0,0.30876815489274684,0.1764705882352941,0.3484833333333333,0
0.0,0.5,0.0,0.013513513513513514,0.006060606060606061,0.0,0.014084507042253521,0.0,0.0,1.0,0.0014360938247965534,0.0,0.0,1.0,1.0,0.0,0.0,0.06065088757904864,0.0,0.0,0
0.1111111111111111,0.0,0.0,0.0945945945945946,0.09090909090909091,0.01058574453069866,0.0,0.19444444444444442,0.09259259259259259,0.45,0.04356151268549545,1.0,0.2,0.0,0.28575184077511184,0.0,0.0,0.23105100033001907,0.058823529411764705,0.14284999999999998,0
0.18518518518518517,0.0,0.0,0.05405405405405406,0.08484848484848485,0.02611150317572336,0.056338028169014086,0.0,0.18518518518518517,0.45,0.04882719004308281,1.0,0.0,0.0,0.200315457774346,0.5,0.3333333333333333,0.1598977945247449,0.20588235294117646,0.25758333333333333,0
0.018518518518518517,0.0,0.0,0.013513513513513514,0.04242424242424243,0.0007057163020465773,0.014084507042253521,0.0,0.018518518518518517,1.0,0.014839636189564385,0.0,0.0,0.0,0.4361198739993619,0.0,0.0,0.30325443789524326,0.058823529411764705,0.16666666666666666,0
0.7777777777777778,0.0,0.0,0.2972972972972973,0.6606060606060605,0.39731827805222303,0.0,0.611111111111111,0.7222222222222222,0.4658385095,0.5749162278602202,1.0,0.9,0.0,0.02062925442550631,0.0,0.0,0.534103940207494,0.058823529411764705,0.18216666666666664,0
0.05555555555555555,0.75,0.0,0.10810810810810811,0.06666666666666667,0.004234297812279464,0.0,0.2222222222222222,0.05555555555555555,1.0,0.026328386787936812,0.0,0.0,0.949152542,0.8590299684998406,0.0,0.0,0.26282051284254415,0.029411764705882353,0.125,1
0.05555555555555555,0.5,0.043478260869565216,0.013513513513513514,0.04242424242424243,0.004234297812279464,0.014084507042253521,0.0,0.05555555555555555,1.0,0.009095260890378171,0.0,0.0,1.0,0.6240799163754948,0.0,0.0,0.0808678501053982,0.0,0.0,0
0.037037037037037035,0.25,0.0,0.02702702702702703,0.06666666666666667,0.002117148906139732,0.014084507042253521,0.027777777777777776,0.037037037037037035,1.0,0.015318334131163236,0.0,0.0,0.882352941,0.49877322183399286,0.5,0.3333333333333333,0.2021696252634955,0.029411764705882353,0.11111666666666666,0
0.09259259259259259,0.75,0.0,0.17567567567567569,0.17575757575757575,0.006351446718419196,0.0,0.3611111111111111,0.018518518518518517,0.4,0.06223073240785064,1.0,0.1,0.936507937,0.3985278659752395,0.5,1.0,0.40770874434877247,0.029411764705882353,0.11111666666666666,0
0.31481481481481477,0.0,0.0,0.14864864864864866,0.27272727272727276,0.05575158786167961,0.0,0.3055555555555555,0.31481481481481477,0.423529412,0.08281474389660123,1.0,0.4,0.0,0.09152646316441179,0.0,0.0,0.1695978523066231,0.08823529411764705,0.1851833333333333,0
0.05555555555555555,0.0,0.0,0.05405405405405406,0.0303030303030303,0.004234297812279464,0.0,0.1111111111111111,0.05555555555555555,0.5,0.011967448539971278,1.0,0.1,0.0,0.3233438487992343,0.0,0.0,0.10613905326333513,0.08823529411764705,0.20833333333333331,1
0.07407407407407407,0.0,0.0,0.04054054054054054,0.05454545454545455,0.0056457304163726185,0.014084507042253521,0.08333333333333333,0.037037037037037035,0.375,0.011967448539971278,1.0,0.0,0.0,0.4361198739993619,0.0,0.0,0.0808678501053982,0.029411764705882353,0.09999999999999999,0
0.35185185185185186,0.0,0.0,0.2567567567567568,0.40606060606060607,0.04940014114326041,0.0,0.5277777777777778,0.2777777777777778,0.4184210525,0.2685495452369555,1.0,0.8,0.0,0.03983260262118979,0.0,0.0,0.537771203200898,0.029411764705882353,0.15,0
0.037037037037037035,0.0,0.0,0.05405405405405406,0.01818181818181818,0.0007057163020465773,0.04225352112676056,0.027777777777777776,0.037037037037037035,0.25,0.006223073240785065,1.0,0.0,0.0,0.6240799163754948,0.0,0.0,0.06738987508109284,0.029411764705882353,0.11111666666666666,0
0.7407407407407407,0.0,0.0,0.4864864864864865,1.0,0.3458009880028229,0.0,1.0,0.6666666666666666,0.457738095,1.0,1.0,0.9,0.0,0.014776113307525068,0.0,0.0,1.0,0.20588235294117646,0.28454999999999997,0
0.35185185185185186,0.0,0.0,0.12162162162162163,0.11515151515151516,0.1340860973888497,0.056338028169014086,0.1388888888888889,0.35185185185185186,1.0,0.009095260890378171,0.0,0.0,0.0,0.3313992790095634,0.0,0.0,0.0,0.029411764705882353,0.16666666666666666,0
0.037037037037037035,0.0,0.0,0.05405405405405406,0.05454545454545455,0.002117148906139732,0.0,0.1111111111111111,0.037037037037037035,1.0,0.01244614648157013,0.0,0.0,0.0,0.8120399576238673,0.0,0.0,0.1617357002107964,0.029411764705882353,0.11111666666666666,0
0.24074074074074073,0.0,0.0,0.20270270270270271,0.1212121212121212,0.04446012702893437,0.1971830985915493,0.027777777777777776,0.24074074074074073,0.455128205,0.05313547151747247,1.0,0.1,0.0,0.19445696317844846,0.5,0.3333333333333333,0.13285432516448978,0.1764705882352941,0.22618333333333332,1
0.1111111111111111,0.0,0.0,0.14864864864864866,0.19393939393939394,0.006351446718419196,0.0,0.3055555555555555,0.1111111111111111,0.3958333335,0.09238870272857827,1.0,0.2,0.0,0.15417981099904282,0.0,0.0,0.5285291631310898,0.47058823529411764,0.5,0
0.1111111111111111,0.0,0.0,0.013513513513513514,0.06060606060606061,0.004940014114326041,0.014084507042253521,0.0,0.1111111111111111,0.4166666665,0.039253231211105785,1.0,0.0,0.0,0.2750112664094995,0.5,0.3333333333333333,0.21083403780366952,0.20588235294117646,0.30951666666666666,0
0.1111111111111111,0.0,0.0,0.08108108108108109,0.03636363636363637,0.014820042342978124,0.04225352112676056,0.08333333333333333,0.1111111111111111,1.0,0.0028721876495931067,0.0,0.0,0.0,0.3958427218199563,0.0,0.0,0.0,0.029411764705882353,0.16666666666666666,0
0.14814814814814814,0.75,0.0,0.2567567567567568,0.2121212121212121,0.02399435426958363,0.0,0.5277777777777778,0.14814814814814814,1.0,0.08329344183820009,0.0,0.0,0.875,0.22727538309685896,0.0,0.0,0.3728906420628163,0.029411764705882353,0.14815,1
0.2592592592592593,0.0,0.0,0.02702702702702703,0.1090909090909091,0.05857445306986592,0.0,0.05555555555555555,0.2592592592592593,0.4642857145,0.05840114887505983,1.0,0.2,0.0,0.1085323727645913,0.5,0.3333333333333333,0.1361275476706813,0.20588235294117646,0.2333333333333333,0
0.037037037037037035,0.0,0.0,0.05405405405405406,0.01212121212121212,0.002117148906139732,0.028169014084507043,0.05555555555555555,0.037037037037037035,1.0,0.0009573958831977022,0.0,0.0,0.0,0.6240799163754948,0.0,0.0,0.0,0.029411764705882353,0.16666666666666666,0
0.0,0.0,0.0,0.02702702702702703,0.0,0.0,0.014084507042253521,0.027777777777777776,0.0,1.0,0.0,0.0,0.0,0.0,1.0,0.0,0.0,0.0,0.029411764705882353,0.16666666666666666,0
0.12962962962962962,0.0,0.0,0.02702702702702703,0.1515151515151515,0.014114326040931546,0.0,0.05555555555555555,0.1111111111111111,0.5,0.060315940641455235,0.285714286,0.0,0.0,0.38241700442682103,0.0,0.0,0.2830374753688937,0.11764705882352941,0.20833333333333331,0
0.2222222222222222,0.0,0.0,0.06756756756756757,0.1090909090909091,0.040931545518701484,0.056338028169014086,0.027777777777777776,0.2222222222222222,0.4583333335,0.03973192915270464,1.0,0.2,0.0,0.1324921141054245,0.5,0.3333333333333333,0.10108481263174775,0.058823529411764705,0.16666666666666666,0
0.2222222222222222,0.0,0.0,0.32432432432432434,0.07272727272727272,0.05504587155963303,0.26760563380281693,0.1388888888888889,0.2222222222222222,1.0,0.0057443752991862135,0.0,0.0,0.0,0.24402884243686768,0.0,0.0,0.0,0.029411764705882353,0.16666666666666666,0
0.2037037037037037,0.0,0.0,0.12162162162162163,0.16969696969696968,0.01834862385321101,0.014084507042253521,0.2222222222222222,0.14814814814814814,0.4015151515,0.09478219243657252,1.0,0.0,0.0,0.3592271297497768,0.0,0.0,0.30493918470504916,0.11764705882352941,0.19445,0
0.07407407407407407,0.0,0.08695652173913043,0.05405405405405406,0.1212121212121212,0.0056457304163726185,0.028169014084507043,0.05555555555555555,0.07407407407407407,0.125,0.0469123982766874,1.0,0.0,0.0,0.37973186139929815,0.0,0.0,0.37603550299010163,0.029411764705882353,0.13333333333333333,0
0.018518518518518517,0.0,0.0,0.08108108108108109,0.006060606060606061,0.0007057163020465773,0.056338028169014086,0.05555555555555555,0.018518518518518517,1.0,0.0004786979415988511,0.0,0.0,0.0,1.0,0.0,0.0,0.0,0.029411764705882353,0.16666666666666666,0
0.18518518518518517,0.25,0.0,0.02702702702702703,0.17575757575757575,0.021877205363443897,0.0,0.05555555555555555,0.14814814814814814,0.4,0.09334609861177597,1.0,0.0,0.6,0.2823343855001916,0.0,0.0,0.33082302308493095,0.029411764705882353,0.15151666666666666,0
0.0,0.0,0.0,0.04054054054054054,0.0,0.0,0.028169014084507043,0.027777777777777776,0.0,1.0,0.0,0.0,0.0,0.0,1.0,0.0,0.0,0.0,0.029411764705882353,0.16666666666666666,0
0.5185185185185185,0.0,0.0,0.32432432432432434,0.5454545454545454,0.1679604798870854,0.0,0.6666666666666666,0.33333333333333337,0.449579832,0.3063666826232647,1.0,0.6000000000000001,0.0,0.053718408981053206,0.0,0.0,0.41479630012352836,0.11764705882352941,0.2413833333333333,1
0.05555555555555555,1.0,0.0,0.04054054054054054,0.04242424242424243,0.004234297812279464,0.028169014084507043,0.027777777777777776,0.05555555555555555,1.0,0.009095260890378171,0.0,0.0,1.0,0.6240799163754948,0.0,0.0,0.0808678501053982,0.0,0.0,0
0.2962962962962963,0.25,0.0,0.05405405405405406,0.19393939393939394,0.040931545518701484,0.014084507042253521,0.1111111111111111,0.2037037037037037,0.42578125,0.12111057922450932,1.0,0.0,0.483870968,0.09613332770550895,0.0,0.0,0.2723343776559649,0.11764705882352941,0.18626666666666664,0
0.0,0.0,0.0,0.08108108108108109,0.0,0.0,0.04225352112676056,0.08333333333333333,0.0,1.0,0.0,0.0,0.0,0.0,1.0,0.0,0.0,0.0,0.029411764705882353,0.16666666666666666,0
0.2222222222222222,0.0,0.0,0.12162162162162163,0.1515151515151515,0.0,0.08450704225352113,0.08333333333333333,0.2037037037037037,0.4166666665,0.0871230253709909,0.5,0.1,0.0,0.1855064849163583,0.5,0.3333333333333333,0.25504475811802646,0.29411764705882354,0.2692333333333333,0
0.18518518518518517,0.0,0.0,0.13513513513513514,0.06060606060606061,0.03881439661256175,0.04225352112676056,0.19444444444444442,0.18518518518518517,1.0,0.004786979415988511,0.0,0.0,0.0,0.2530419113929439,0.0,0.0,0.0,0.029411764705882353,0.16666666666666666,1
0.2962962962962963,0.0,0.0,0.3648648648648649,0.14545454545454545,0.07621736062103035,0.35211267605633806,0.1111111111111111,0.2962962962962963,0.453125,0.07515557683101962,1.0,0.1,0.0,0.14865157422638237,0.5,0.3333333333333333,0.16054646712933576,0.20588235294117646,0.23529999999999998,0
0.12962962962962962,0.0,0.0,0.04054054054054054,0.10303030303030303,0.019760056457304165,0.0,0.08333333333333333,0.12962962962962962,1.0,0.020105313547151747,0.0,0.0,0.0,0.36563485824928216,0.0,0.0,0.08844921105277928,0.058823529411764705,0.1875,0
0.09259259259259259,0.0,0.0,0.12162162162162163,0.09090909090909091,0.009174311926605505,0.04225352112676056,0.16666666666666666,0.07407407407407407,0.4,0.020105313547151747,1.0,0.0,0.0,0.1729758155749842,0.0,0.0,0.12130177515809729,0.058823529411764705,0.13888333333333333,0
0.2777777777777778,0.75,0.0,0.2567567567567568,0.4727272727272727,0.08045165843330981,0.0,0.5277777777777778,0.2222222222222222,0.4666666665,0.2943992340832935,1.0,0.1,0.788732394,0.17180106493656278,0.0,0.0,0.7556089744223143,1.0,0.6979166666666666,0
0.38888888888888884,0.5,0.0,0.08108108108108109,0.33333333333333337,0.08680310515172901,0.014084507042253521,0.1388888888888889,0.2962962962962963,0.418367347,0.21254188606988988,1.0,0.1,0.522727273,0.22082018942386733,0.5,0.3333333333333333,0.3758517124033012,0.14705882352941177,0.24241666666666664,1
0.07407407407407407,0.0,0.0,0.12162162162162163,0.024242424242424242,0.007057163020465773,0.07042253521126761,0.1111111111111111,0.07407407407407407,1.0,0.0019147917663954045,0.0,0.0,0.0,0.3609358568233567,0.0,0.0,0.0,0.029411764705882353,0.16666666666666666,0
0.07407407407407407,0.0,0.0,0.24324324324324326,0.0303030303030303,0.004234297812279464,0.2535211267605634,0.0,0.07407407407407407,0.25,0.013882240306366683,1.0,0.0,0.0,0.7744479495997448,0.0,0.0,0.09299802762120792,0.029411764705882353,0.13333333333333333,0
0.40740740740740744,0.0,0.0,0.06756756756756757,0.16969696969696968,0.15737473535638674,0.04225352112676056,0.05555555555555555,0.40740740740740744,0.4772727275,0.06366682623264719,1.0,0.2,0.0,0.1033955759365992,0.5,0.3333333333333333,0.08789983707196398,0.058823529411764705,0.16666666666666666,0
0.18518518518518517,0.0,0.0,0.02702702702702703,0.06060606060606061,0.03881439661256175,0.028169014084507043,0.0,0.18518518518518517,1.0,0.004786979415988511,0.0,0.0,0.0,0.9487381708761967,0.0,0.0,0.0,0.029411764705882353,0.16666666666666666,0
0.6481481481481481,0.0,0.0,0.22972972972972974,0.2545454545454546,0.40649258997882853,0.18309859154929578,0.1111111111111111,0.6481481481481481,0.4840336135,0.10818573480134035,1.0,0.6000000000000001,0.0,0.010599223151146947,0.5,0.3333333333333333,0.09771531887061716,0.1764705882352941,0.18981666666666666,0
0.16666666666666666,0.75,0.0,0.05405405405405406,0.11515151515151516,0.03175723359209598,0.0,0.1111111111111111,0.1111111111111111,1.0,0.06558161799904261,0.0,0.0,0.861538462,0.5770899054995214,0.0,0.0,0.25877712033727424,0.058823529411764705,0.16666666666666666,0
0.018518518518518517,0.75,0.0,0.04054054054054054,0.024242424242424242,0.0007057163020465773,0.0,0.08333333333333333,0.018518518518518517,1.0,0.0057443752991862135,0.0,0.0,0.98245614,0.7180599369996811,0.0,0.0,0.11119329389492252,0.029411764705882353,0.08333333333333333,0
0.07407407407407407,0.0,0.0,0.013513513513513514,0.0303030303030303,0.004234297812279464,0.014084507042253521,0.0,0.07407407407407407,0.375,0.011010052656773576,1.0,0.0,0.0,0.6616719243996172,0.0,0.0,0.06873767258958846,0.029411764705882353,0.13333333333333333,0
0.07407407407407407,0.0,0.0,0.05405405405405406,0.0303030303030303,0.0,0.04225352112676056,0.027777777777777776,0.07407407407407407,0.25,0.013882240306366683,1.0,0.0,0.0,0.5488958991994896,0.0,0.0,0.09299802762120792,0.029411764705882353,0.13333333333333333,0
0.05555555555555555,0.0,0.0,0.06756756756756757,0.01818181818181818,0.004234297812279464,0.028169014084507043,0.08333333333333333,0.05555555555555555,1.0,0.0014360938247965534,0.0,0.0,0.0,0.4925078865994258,0.0,0.0,0.0,0.029411764705882353,0.16666666666666666,0
0.07407407407407407,0.0,0.0,0.04054054054054054,0.19999999999999998,0.007057163020465773,0.028169014084507043,0.027777777777777776,0.07407407407407407,0.625,0.07084729535662997,1.0,0.0,0.0,0.13001352036805558,0.0,0.0,0.5782051282535972,0.1764705882352941,0.3,0
0.018518518518518517,0.75,0.0,0.10810810810810811,0.06060606060606061,0.0007057163020465773,0.0,0.2222222222222222,0.018518518518518517,1.0,0.014839636189564385,0.0,0.0,0.98245614,1.0,0.0,0.0,0.30325443789524326,0.029411764705882353,0.08333333333333333,0
0.037037037037037035,0.0,0.0,0.04054054054054054,0.01212121212121212,0.002117148906139732,0.028169014084507043,0.027777777777777776,0.037037037037037035,1.0,0.0009573958831977022,0.0,0.0,0.0,1.0,0.0,0.0,0.0,0.029411764705882353,0.16666666666666666,1
0.037037037037037035,0.0,0.0,0.05405405405405406,0.03636363636363637,0.002117148906139732,0.056338028169014086,0.0,0.037037037037037035,0.75,0.01675442795595979,1.0,0.0,0.0,0.4361198739993619,0.0,0.0,0.2089086127048888,0.058823529411764705,0.22221666666666665,0
0.07407407407407407,0.25,0.0,0.08108108108108109,0.12727272727272726,0.004234297812279464,0.0,0.16666666666666666,0.05555555555555555,0.375,0.04834849210148397,1.0,0.0,0.8125,0.36563485824928216,0.5,0.3333333333333333,0.3841222880006414,0.058823529411764705,0.13333333333333333,0
0.14814814814814814,0.0,0.0,0.0,0.05454545454545455,0.019760056457304165,0.0,0.0,0.14814814814814814,0.4625,0.02106270943034945,1.0,0.0,0.0,0.41523542434523153,0.0,0.0,0.06963620424844091,0.029411764705882353,0.14815,0
0.2962962962962963,0.0,0.0,0.08108108108108109,0.10303030303030303,0.08468595624558928,0.07042253521126761,0.027777777777777776,0.2962962962962963,0.46875,0.03973192915270464,1.0,0.1,0.0,0.20393393969746615,0.0,0.0,0.07016475229138462,0.029411764705882353,0.15686666666666665,0
0.09259259259259259,0.0,0.0,0.04054054054054054,0.1212121212121212,0.006351446718419196,0.0,0.08333333333333333,0.07407407407407407,0.3,0.02967927237912877,1.0,0.0,0.0,0.3233438487992343,0.0,0.0,0.18869165023919016,0.058823529411764705,0.13888333333333333,0
0.05555555555555555,0.25,0.0,0.02702702702702703,0.05454545454545455,0.0028228652081863093,0.0,0.05555555555555555,0.05555555555555555,0.3333333335,0.02489229296314026,1.0,0.0,0.8125,0.36563485824928216,0.5,0.3333333333333333,0.24260355031619457,0.11764705882352941,0.25,0
0.0,0.75,0.0,0.02702702702702703,0.006060606060606061,0.0,0.0,0.05555555555555555,0.0,1.0,0.0014360938247965534,0.0,0.0,1.0,1.0,0.0,0.0,0.06065088757904864,0.0,0.0,0
0.09259259259259259,0.0,0.0,0.06756756756756757,0.0303030303030303,0.01058574453069866,0.028169014084507043,0.08333333333333333,0.09259259259259259,1.0,0.0023934897079942556,0.0,0.0,0.0,0.7493866109169965,0.0,0.0,0.0,0.029411764705882353,0.16666666666666666,0
0.05555555555555555,1.0,0.0,0.04054054054054054,0.04242424242424243,0.004234297812279464,0.028169014084507043,0.027777777777777776,0.05555555555555555,1.0,0.009095260890378171,0.0,0.0,1.0,0.6240799163754948,0.0,0.0,0.0808678501053982,0.0,0.0,0
0.35185185185185186,0.0,0.0,0.17567567567567569,0.11515151515151516,0.1340860973888497,0.09859154929577466,0.16666666666666666,0.35185185185185186,1.0,0.009095260890378171,0.0,0.0,0.0,0.24278954556818322,0.0,0.0,0.0,0.029411764705882353,0.16666666666666666,1
0.018518518518518517,0.5,0.0,0.08108108108108109,0.048484848484848485,0.0007057163020465773,0.028169014084507043,0.1111111111111111,0.0,0.5,0.01771182383915749,1.0,0.0,0.956521739,0.6240799163754948,0.5,0.3333333333333333,0.3537968442111171,0.08823529411764705,0.25,0
0.2592592592592593,0.0,0.0,0.0945945945945946,0.09090909090909091,0.06422018348623854,0.07042253521126761,0.05555555555555555,0.2592592592592593,0.4732142855,0.035423647678314976,1.0,0.30000000000000004,0.0,0.14791447576447564,0.0,0.0,0.0700854700980841,0.029411764705882353,0.15555,1
0.018518518518518517,0.0,0.0,0.02702702702702703,0.01212121212121212,0.0007057163020465773,0.0,0.05555555555555555,0.018518518518518517,1.0,0.0028721876495931067,0.0,0.0,0.0,1.0,0.0,0.0,0.050542406315873874,0.029411764705882353,0.08333333333333333,0
0.05555555555555555,0.25,0.0,0.05405405405405406,0.1090909090909091,0.0,0.028169014084507043,0.05555555555555555,0.05555555555555555,0.1666666665,0.053614169459071326,1.0,0.0,0.571428571,0.5300998946235482,0.5,0.3333333333333333,0.5408037475798504,0.029411764705882353,0.125,0
0.0,0.0,0.0,0.013513513513513514,0.006060606060606061,0.0,0.0,0.027777777777777776,0.0,1.0,0.003350885591191958,0.25,0.1,0.0,1.0,0.0,0.0,0.06065088757904864,0.0,0.0,0
0.0,0.5,0.0,0.12162162162162163,0.006060606060606061,0.0,0.1267605633802817,0.0,0.0,1.0,0.0019147917663954045,0.0,0.0,1.0,1.0,0.0,0.0,0.0808678501053982,0.0,0.0,0
0.0,0.0,0.0,0.08108108108108109,0.0,0.0,0.08450704225352113,0.0,0.0,1.0,0.0,0.0,0.0,0.0,1.0,0.0,0.0,0.0,0.029411764705882353,0.16666666666666666,0
0.33333333333333337,0.0,0.0,0.08108108108108109,0.11515151515151516,0.10797459421312633,0.07042253521126761,0.027777777777777776,0.33333333333333337,0.472222222,0.04451890856869316,1.0,0.1,0.0,0.2046322432067041,0.0,0.0,0.0702273435221591,0.029411764705882353,0.15789999999999998,0
0.24074074074074073,0.0,0.0,0.04054054054054054,0.08484848484848485,0.05575158786167961,0.04225352112676056,0.0,0.24074074074074073,0.4725274725,0.03207276208712302,1.0,0.0,0.0,0.25487269031979676,0.0,0.0,0.06787123133557106,0.029411764705882353,0.15476666666666666,0
0.05555555555555555,0.25,0.0,0.08108108108108109,0.08484848484848485,0.0,0.056338028169014086,0.08333333333333333,0.05555555555555555,0.1666666665,0.035423647678314976,1.0,0.0,0.571428571,0.4361198739993619,0.5,0.3333333333333333,0.34874260357952974,0.029411764705882353,0.125,0
0.16666666666666666,0.0,0.0,0.10810810810810811,0.05454545454545455,0.03175723359209598,0.08450704225352113,0.05555555555555555,0.16666666666666666,1.0,0.00430828147438966,0.0,0.0,0.0,0.5263406941594639,0.0,0.0,0.0,0.029411764705882353,0.16666666666666666,0
0.0,0.75,0.0,0.02702702702702703,0.006060606060606061,0.0,0.0,0.05555555555555555,0.0,1.0,0.0014360938247965534,0.0,0.0,1.0,1.0,0.0,0.0,0.06065088757904864,0.0,0.0,0
0.33333333333333337,0.0,0.0,0.10810810810810811,0.3393939393939394,0.05434015525758645,0.0,0.2222222222222222,0.31481481481481477,0.4290123455,0.1498324557204404,1.0,0.2,0.0,0.1855064849163583,0.0,0.0,0.3043184885758058,0.11764705882352941,0.21053333333333335,0
0.14814814814814814,0.0,0.0,0.0945945945945946,0.16969696969696968,0.008468595624558928,0.0,0.19444444444444442,0.12962962962962962,0.3875,0.1134514121589277,1.0,0.2,0.0,0.37973186139929815,0.0,0.0,0.5031777340116076,0.1764705882352941,0.3703666666666666,0
0.24074074074074073,0.0,0.0,0.06756756756756757,0.1212121212121212,0.04446012702893437,0.056338028169014086,0.027777777777777776,0.24074074074074073,0.455128205,0.05313547151747247,1.0,0.1,0.0,0.19445696317844846,0.5,0.3333333333333333,0.13285432516448978,0.1764705882352941,0.22618333333333332,1
0.24074074074074073,0.0,0.30434782608695654,0.2567567567567568,0.2121212121212121,0.045871559633027525,0.11267605633802817,0.3333333333333333,0.18518518518518517,0.4423076925,0.09956917185256103,1.0,0.2,0.0,0.11390265881963715,0.0,0.0,0.2729289941057189,0.08823529411764705,0.2023833333333333,0
0.05555555555555555,0.25,0.0,0.05405405405405406,0.0787878787878788,0.0028228652081863093,0.0,0.1111111111111111,0.05555555555555555,0.3333333335,0.03207276208712302,1.0,0.0,0.8125,0.36563485824928216,0.5,0.3333333333333333,0.3184171597900054,0.11764705882352941,0.25,0
0.2037037037037037,0.0,0.0,0.08108108108108109,0.19999999999999998,0.0,0.0,0.16666666666666666,0.18518518518518517,0.2272727275,0.0627094303494495,1.0,0.1,0.0,0.14136435400003206,0.0,0.0,0.19880013150236492,0.058823529411764705,0.16666666666666666,0
0.16666666666666666,0.0,0.0,0.10810810810810811,0.16969696969696968,0.017642907551164433,0.0,0.2222222222222222,0.14814814814814814,0.4,0.09382479655337482,1.0,0.2,0.0,0.22727538309685896,0.0,0.0,0.3679487179795618,0.14705882352941177,0.25,1
0.1111111111111111,0.0,0.0,0.013513513513513514,0.04242424242424243,0.01058574453069866,0.014084507042253521,0.0,0.1111111111111111,0.4166666665,0.015797032072762087,1.0,0.0,0.0,0.2750112664094995,0.0,0.0,0.06931530009900572,0.029411764705882353,0.14284999999999998,0
0.05555555555555555,1.0,0.0,0.02702702702702703,0.04242424242424243,0.004234297812279464,0.014084507042253521,0.027777777777777776,0.05555555555555555,1.0,0.009095260890378171,0.0,0.0,1.0,0.6240799163754948,0.0,0.0,0.0808678501053982,0.0,0.0,0
0.7962962962962963,0.5,1.0,0.7432432432432433,0.7696969696969697,0.5151729004940014,0.323943661971831,0.8888888888888888,0.7037037037037037,0.3372093025,0.4112015318334131,1.0,0.0,0.232142857,0.081558886125048,0.0,0.0,0.37401380673746665,0.14705882352941177,0.25,0
0.0,0.5,0.0,0.013513513513513514,0.006060606060606061,0.0,0.014084507042253521,0.0,0.0,1.0,0.0019147917663954045,0.0,0.0,1.0,1.0,0.0,0.0,0.0808678501053982,0.0,0.0,0
0.037037037037037035,0.0,0.0,0.02702702702702703,0.05454545454545455,0.002117148906139732,0.0,0.05555555555555555,0.018518518518518517,0.5,0.013882240306366683,1.0,0.0,0.0,0.6240799163754948,0.0,0.0,0.17521367523510173,0.029411764705882353,0.055549999999999995,0
0.05555555555555555,0.0,0.0,0.05405405405405406,0.01818181818181818,0.004234297812279464,0.028169014084507043,0.05555555555555555,0.05555555555555555,1.0,0.0014360938247965534,0.0,0.0,0.0,0.5770899054995214,0.0,0.0,0.0,0.029411764705882353,0.16666666666666666,0
0.05555555555555555,0.0,0.0,0.08108108108108109,0.01818181818181818,0.004234297812279464,0.056338028169014086,0.05555555555555555,0.05555555555555555,1.0,0.0014360938247965534,0.0,0.0,0.0,1.0,0.0,0.0,0.0,0.029411764705882353,0.16666666666666666,0
0.37037037037037035,0.0,0.0,0.21621621621621623,0.3151515151515152,0.1086803105151729,0.0,0.4444444444444444,0.2777777777777778,0.446153846,0.18573480134035422,1.0,0.4,0.0,0.07170754733485796,0.0,0.0,0.3417629378491616,0.029411764705882353,0.15873333333333334,1
0.1111111111111111,0.0,0.0,0.06756756756756757,0.1090909090909091,0.0,0.0,0.1388888888888889,0.09259259259259259,0.1666666665,0.04978458592628052,1.0,0.1,0.0,0.5614265685408637,0.0,0.0,0.2772612002747211,0.029411764705882353,0.11905,0
0.0,0.75,0.0,0.02702702702702703,0.006060606060606061,0.0,0.0,0.05555555555555555,0.0,1.0,0.0014360938247965534,0.0,0.0,1.0,1.0,0.0,0.0,0.06065088757904864,0.0,0.0,0
0.12962962962962962,0.0,0.0,0.05405405405405406,0.04242424242424243,0.019760056457304165,0.028169014084507043,0.05555555555555555,0.12962962962962962,1.0,0.003350885591191958,0.0,0.0,0.0,0.4831098848753351,0.0,0.0,0.0,0.029411764705882353,0.16666666666666666,0
0.05555555555555555,0.0,0.0,0.02702702702702703,0.03636363636363637,0.0028228652081863093,0.0,0.05555555555555555,0.037037037037037035,0.4166666665,0.011488750598372427,1.0,0.0,0.0,0.49877322183399286,0.0,0.0,0.09603057200016035,0.029411764705882353,0.08333333333333333,0
0.33333333333333337,0.0,0.0,0.40540540540540543,0.5575757575757575,0.09809456598447425,0.0,0.8333333333333333,0.2777777777777778,0.465811966,0.24174246050741982,1.0,0.7000000000000001,0.0,0.02887311645754101,0.0,0.0,0.5043600124781762,0.23529411764705882,0.26315,1
0.05555555555555555,0.5,0.0,0.02702702702702703,0.04242424242424243,0.004234297812279464,0.028169014084507043,0.0,0.05555555555555555,1.0,0.009095260890378171,0.0,0.0,1.0,0.6240799163754948,0.0,0.0,0.0808678501053982,0.0,0.0,0
0.037037037037037035,0.0,0.0,0.05405405405405406,0.01818181818181818,0.0007057163020465773,0.04225352112676056,0.027777777777777776,0.037037037037037035,0.25,0.006223073240785065,1.0,0.0,0.0,0.6240799163754948,0.0,0.0,0.06738987508109284,0.029411764705882353,0.11111666666666666,0
0.24074074074074073,0.0,0.0,0.0945945945945946,0.08484848484848485,0.03881439661256175,0.08450704225352113,0.027777777777777776,0.24074074074074073,0.423076923,0.04068932503590235,1.0,0.1,0.0,0.25890040598884134,0.0,0.0,0.09530853761844302,0.029411764705882353,0.14284999999999998,1
